#pragma once
#include <stdint.h>

const uint16_t image[20480] = {
    0x1082, 0x0861, 0x1082, 0x0861, 0x10A2, 0x0020, 0x0841, 0x0841, 
    0x0020, 0x0020, 0x0000, 0x0000, 0x0000, 0x0000, 0x0000, 0x0000, 
    0x0000, 0x0000, 0x0000, 0x0000, 0x0000, 0x0000, 0x0000, 0x0000, 
    0x0000, 0x0000, 0x0000, 0x0000, 0x0000, 0x18E3, 0x2965, 0x1082, 
    0x0000, 0x0000, 0x0000, 0x0861, 0x0861, 0x0841, 0x0020, 0x0000, 
    0x0000, 0x0000, 0x0000, 0x0000, 0x0000, 0x0000, 0x0000, 0x0000, 
    0x2124, 0x10A2, 0x0000, 0x0000, 0x0000, 0x0000, 0x0000, 0x0000, 
    0x0000, 0x0861, 0x2965, 0x2104, 0x0841, 0x0000, 0x0000, 0x0000, 
    0x18C3, 0x2124, 0x0000, 0x0000, 0x0000, 0x0000, 0x0000, 0x0000, 
    0x0000, 0x0000, 0x0000, 0x0000, 0x0861, 0x0020, 0x0000, 0x39C7, 
    0x1082, 0x0000, 0x2945, 0x630C, 0x4A69, 0x0020, 0x0000, 0x0000, 
    0x2104, 0x528A, 0x1082, 0x0000, 0x0861, 0x0000, 0x0000, 0x0000, 
    0x0000, 0x0000, 0x0841, 0x0841, 0x4A69, 0x9CD3, 0x632C, 0x10A2, 
    0x9CD3, 0x94B2, 0x8C71, 0x73AE, 0x632C, 0x6B6D, 0x6B6D, 0x7BEF, 
    0x2104, 0x0000, 0x18C3, 0x0841, 0x0000, 0x0000, 0x0000, 0x0841, 
    0x1082, 0x1082, 0x1082, 0x18C3, 0x39E7, 0x2965, 0x2945, 0x3186, 
    0x1082, 0x0841, 0x0861, 0x0861, 0x18E3, 0x0861, 0x0020, 0x2965, 
    0x1082, 0x0000, 0x0000, 0x0000, 0x0000, 0x0000, 0x0000, 0x0000, 
    0x0000, 0x0000, 0x0000, 0x0000, 0x0000, 0x0000, 0x0000, 0x0000, 
    0x0000, 0x0000, 0x0000, 0x0000, 0x0000, 0x18C3, 0x2965, 0x10A2, 
    0x0020, 0x0000, 0x0000, 0x1082, 0x39E7, 0x0000, 0x0000, 0x0000, 
    0x0000, 0x0000, 0x0000, 0x0000, 0x0000, 0x0000, 0x0000, 0x0000, 
    0x3186, 0x3186, 0x0000, 0x0000, 0x0000, 0x0000, 0x0000, 0x0000, 
    0x0000, 0x0020, 0x18C3, 0x2965, 0x2104, 0x0020, 0x0000, 0x0000, 
    0x2124, 0x3186, 0x0000, 0x0000, 0x0000, 0x0861, 0x10A2, 0x0000, 
    0x0000, 0x0000, 0x0000, 0x0000, 0x2945, 0x0000, 0x0000, 0x10A2, 
    0x0000, 0x0000, 0x0020, 0x2124, 0x0861, 0x0000, 0x0020, 0x0000, 
    0x4208, 0x5AEB, 0x0861, 0x0020, 0x1082, 0x0000, 0x0000, 0x0000, 
    0x0000, 0x0000, 0x0020, 0x1082, 0x5ACB, 0x8430, 0x632C, 0x0841, 
    0x8430, 0x9CD3, 0x8C71, 0x5AEB, 0x5AEB, 0x7BCF, 0x6B6D, 0x4A69, 
    0x0000, 0x0841, 0x18C3, 0x0861, 0x0000, 0x0841, 0x0020, 0x1082, 
    0x1082, 0x1082, 0x0861, 0x31A6, 0x4208, 0x39C7, 0x2965, 0x39C7, 
    0x1082, 0x10A2, 0x0841, 0x0841, 0x0841, 0x0841, 0x0020, 0x10A2, 
    0x528A, 0x0020, 0x0000, 0x0000, 0x0000, 0x0000, 0x0000, 0x0000, 
    0x0000, 0x0000, 0x0000, 0x0000, 0x0000, 0x0000, 0x0000, 0x0000, 
    0x0000, 0x0000, 0x0000, 0x0000, 0x0000, 0x0000, 0x0000, 0x2965, 
    0x52AA, 0x0000, 0x0000, 0x0000, 0x2965, 0x0841, 0x0000, 0x0000, 
    0x0000, 0x0000, 0x0000, 0x0000, 0x0000, 0x0000, 0x0000, 0x0000, 
    0x1082, 0x2945, 0x0000, 0x0000, 0x0000, 0x0000, 0x0000, 0x0000, 
    0x0000, 0x0000, 0x0020, 0x2124, 0x3186, 0x18C3, 0x0000, 0x0000, 
    0x1082, 0x10A2, 0x0000, 0x0000, 0x0000, 0x0841, 0x0861, 0x0000, 
    0x0020, 0x0000, 0x0000, 0x0861, 0x528A, 0x0000, 0x0000, 0x0000, 
    0x0000, 0x0000, 0x0861, 0x3186, 0x1082, 0x0000, 0x0000, 0x1082, 
    0x4228, 0x4228, 0x0861, 0x0020, 0x0000, 0x0000, 0x0000, 0x0000, 
    0x0000, 0x0000, 0x0000, 0x18E3, 0x630C, 0x8410, 0x5ACB, 0x0861, 
    0x6B6D, 0x9CF3, 0x8C71, 0x8430, 0x6B6D, 0x632C, 0x7BCF, 0x3186, 
    0x0000, 0x10A2, 0x18C3, 0x1082, 0x0000, 0x0861, 0x0861, 0x10A2, 
    0x1082, 0x1082, 0x2104, 0x52AA, 0x39E7, 0x4228, 0x2945, 0x4228, 
    0x39E7, 0x39C7, 0x0841, 0x0841, 0x0841, 0x0020, 0x0841, 0x0000, 
    0x2945, 0x2124, 0x0000, 0x0000, 0x0861, 0x18C3, 0x0000, 0x0000, 
    0x0000, 0x0000, 0x0000, 0x0000, 0x0000, 0x0000, 0x0000, 0x0000, 
    0x0000, 0x0000, 0x0000, 0x0000, 0x0000, 0x0000, 0x0000, 0x10A2, 
    0x2945, 0x0000, 0x0000, 0x0000, 0x0000, 0x0000, 0x0000, 0x0000, 
    0x0000, 0x0000, 0x0000, 0x0000, 0x0000, 0x0000, 0x0000, 0x0000, 
    0x0000, 0x0841, 0x0000, 0x0000, 0x0000, 0x0000, 0x0000, 0x0000, 
    0x0000, 0x0000, 0x0841, 0x0861, 0x2945, 0x2945, 0x0000, 0x0000, 
    0x0000, 0x0020, 0x0000, 0x0000, 0x0000, 0x0000, 0x0000, 0x0000, 
    0x0000, 0x0000, 0x0000, 0x2104, 0x5ACB, 0x0000, 0x0000, 0x0000, 
    0x0000, 0x0020, 0x0861, 0x3186, 0x10A2, 0x0000, 0x0000, 0x2965, 
    0x4228, 0x0841, 0x0000, 0x0000, 0x0000, 0x0000, 0x0000, 0x0000, 
    0x0000, 0x0000, 0x0841, 0x3186, 0x632C, 0x8410, 0x52AA, 0x18E3, 
    0x738E, 0x8C51, 0x8C51, 0x8C71, 0x73AE, 0x6B6D, 0x6B6D, 0x0841, 
    0x0841, 0x10A2, 0x0841, 0x0000, 0x0000, 0x0000, 0x0861, 0x1082, 
    0x0861, 0x18C3, 0x4228, 0x52AA, 0x4A49, 0x4228, 0x2124, 0x632C, 
    0x39C7, 0x0841, 0x0841, 0x0020, 0x0020, 0x0841, 0x0841, 0x0841, 
    0x0000, 0x0841, 0x0000, 0x0000, 0x0861, 0x18E3, 0x0000, 0x0000, 
    0x0000, 0x0000, 0x0000, 0x0000, 0x0000, 0x0000, 0x0000, 0x0000, 
    0x0000, 0x0000, 0x0000, 0x0000, 0x0000, 0x0000, 0x0000, 0x0000, 
    0x0000, 0x0000, 0x0000, 0x0000, 0x0000, 0x0000, 0x0000, 0x0000, 
    0x0000, 0x0000, 0x0000, 0x0000, 0x0000, 0x0000, 0x0000, 0x0000, 
    0x0000, 0x0000, 0x0000, 0x0000, 0x0000, 0x0000, 0x0000, 0x0000, 
    0x0000, 0x0000, 0x39C7, 0x0841, 0x0861, 0x0861, 0x0000, 0x0000, 
    0x0000, 0x0000, 0x0000, 0x0000, 0x0000, 0x0000, 0x0000, 0x0000, 
    0x0000, 0x0000, 0x0000, 0x2945, 0x39C7, 0x0000, 0x0000, 0x0000, 
    0x0000, 0x0020, 0x1082, 0x31A6, 0x18C3, 0x0000, 0x0000, 0x31A6, 
    0x2965, 0x0000, 0x0020, 0x0841, 0x0000, 0x0000, 0x0000, 0x0000, 
    0x0000, 0x0000, 0x0861, 0x4A49, 0x6B6D, 0x8410, 0x52AA, 0x18C3, 
    0x7BCF, 0x738E, 0x9492, 0x8C51, 0x8430, 0x6B6D, 0x3186, 0x0000, 
    0x18C3, 0x10A2, 0x0841, 0x0000, 0x0000, 0x0000, 0x1082, 0x1082, 
    0x1082, 0x31A6, 0x528A, 0x528A, 0x5ACB, 0x39C7, 0x3186, 0x7BCF, 
    0x10A2, 0x0861, 0x0020, 0x0020, 0x0020, 0x0841, 0x0020, 0x0020, 
    0x0841, 0x0020, 0x0000, 0x0020, 0x0000, 0x0000, 0x2104, 0x0000, 
    0x0000, 0x0000, 0x0000, 0x0000, 0x0000, 0x0000, 0x0000, 0x0000, 
    0x0000, 0x0000, 0x0000, 0x0000, 0x0000, 0x0000, 0x0000, 0x0000, 
    0x0000, 0x0000, 0x0000, 0x0000, 0x0000, 0x0000, 0x0000, 0x0000, 
    0x0000, 0x0000, 0x0000, 0x0000, 0x0000, 0x0000, 0x0000, 0x0000, 
    0x0000, 0x0000, 0x0000, 0x0000, 0x0000, 0x0000, 0x0000, 0x0000, 
    0x0000, 0x0000, 0x2124, 0x0020, 0x0000, 0x0000, 0x0000, 0x0000, 
    0x0000, 0x0000, 0x0000, 0x0000, 0x0000, 0x0000, 0x0000, 0x0000, 
    0x0000, 0x0000, 0x0000, 0x18C3, 0x10A2, 0x0000, 0x0000, 0x0000, 
    0x0000, 0x0020, 0x0861, 0x31A6, 0x2124, 0x0000, 0x0000, 0x528A, 
    0x2104, 0x0841, 0x10A2, 0x10A2, 0x0000, 0x0000, 0x0000, 0x0000, 
    0x0020, 0x0000, 0x1082, 0x528A, 0x6B6D, 0x8430, 0x5ACB, 0x18C3, 
    0x6B6D, 0x5ACB, 0x8C71, 0x9492, 0x7BEF, 0x52AA, 0x0841, 0x1082, 
    0x18C3, 0x1082, 0x0020, 0x0000, 0x0000, 0x0841, 0x1082, 0x0861, 
    0x2104, 0x4208, 0x52AA, 0x528A, 0x6B4D, 0x2945, 0x4A69, 0x8C51, 
    0x0861, 0x0841, 0x0020, 0x0000, 0x0020, 0x0020, 0x0020, 0x0020, 
    0x0020, 0x0020, 0x0020, 0x0000, 0x0000, 0x0000, 0x2965, 0x39E7, 
    0x0000, 0x0020, 0x0000, 0x0000, 0x0000, 0x0000, 0x0000, 0x0000, 
    0x0000, 0x0000, 0x0000, 0x0000, 0x0000, 0x0000, 0x0000, 0x0000, 
    0x0000, 0x0000, 0x0000, 0x0000, 0x0000, 0x0000, 0x0000, 0x0000, 
    0x0000, 0x0000, 0x0000, 0x0000, 0x0000, 0x0000, 0x0000, 0x0000, 
    0x0000, 0x0000, 0x0000, 0x0000, 0x0000, 0x0000, 0x0000, 0x0000, 
    0x0000, 0x0000, 0x0000, 0x0000, 0x0000, 0x0000, 0x0000, 0x0000, 
    0x0000, 0x0000, 0x0000, 0x0000, 0x1082, 0x10A2, 0x0000, 0x0000, 
    0x0000, 0x0000, 0x0000, 0x0020, 0x0020, 0x0020, 0x0020, 0x0000, 
    0x0000, 0x0861, 0x1082, 0x3186, 0x3186, 0x0000, 0x0000, 0x0861, 
    0x0841, 0x0000, 0x0020, 0x0020, 0x0000, 0x0000, 0x0000, 0x0000, 
    0x0020, 0x0841, 0x2104, 0x5ACB, 0x738E, 0x8430, 0x5AEB, 0x18C3, 
    0x52AA, 0x73AE, 0x8430, 0x8C71, 0x4A69, 0x2124, 0x0861, 0x2945, 
    0x1082, 0x0861, 0x0000, 0x0000, 0x0000, 0x0861, 0x1082, 0x0861, 
    0x3186, 0x4A49, 0x52AA, 0x5AEB, 0x6B6D, 0x2124, 0x6B6D, 0x9492, 
    0x0841, 0x0020, 0x0020, 0x0000, 0x0020, 0x0000, 0x0020, 0x0841, 
    0x0841, 0x0000, 0x0020, 0x0020, 0x0000, 0x0000, 0x0000, 0x5AEB, 
    0x18C3, 0x0000, 0x0000, 0x0000, 0x0000, 0x0000, 0x0000, 0x0000, 
    0x0000, 0x0000, 0x0000, 0x0000, 0x0000, 0x0000, 0x0000, 0x0000, 
    0x0000, 0x0000, 0x0000, 0x0000, 0x0000, 0x0000, 0x0000, 0x0000, 
    0x0000, 0x0000, 0x0000, 0x0000, 0x0000, 0x0000, 0x0000, 0x0000, 
    0x0000, 0x0000, 0x0000, 0x0000, 0x0000, 0x0000, 0x0000, 0x0000, 
    0x0000, 0x0000, 0x0000, 0x0000, 0x0000, 0x0000, 0x0000, 0x0000, 
    0x0000, 0x0000, 0x0000, 0x0000, 0x2965, 0x2965, 0x0000, 0x0000, 
    0x0000, 0x0000, 0x0000, 0x0000, 0x0000, 0x0000, 0x0020, 0x0020, 
    0x0000, 0x39E7, 0x10A2, 0x2945, 0x39E7, 0x0020, 0x0000, 0x0000, 
    0x0000, 0x0020, 0x0841, 0x0020, 0x0000, 0x0000, 0x0000, 0x0000, 
    0x0861, 0x39E7, 0x2104, 0x5AEB, 0x7BCF, 0x8C51, 0x630C, 0x2945, 
    0x9CD3, 0x8430, 0x8430, 0x8430, 0x738E, 0x1082, 0x0000, 0x18E3, 
    0x1082, 0x0020, 0x0000, 0x0000, 0x0020, 0x1082, 0x0861, 0x10A2, 
    0x39E7, 0x528A, 0x5AEB, 0x7BCF, 0x630C, 0x2124, 0x8C71, 0x8C71, 
    0x0020, 0x0020, 0x0020, 0x0000, 0x0000, 0x0000, 0x0020, 0x39C7, 
    0x3186, 0x0841, 0x0020, 0x0020, 0x0020, 0x0000, 0x0000, 0x18E3, 
    0x39E7, 0x4A49, 0x2945, 0x0000, 0x0000, 0x0000, 0x0000, 0x0000, 
    0x0000, 0x0000, 0x0000, 0x0000, 0x0000, 0x0000, 0x0000, 0x0000, 
    0x0000, 0x0000, 0x0000, 0x0000, 0x0000, 0x0000, 0x0000, 0x0000, 
    0x0861, 0x0861, 0x0000, 0x0000, 0x0000, 0x0000, 0x0000, 0x0000, 
    0x0000, 0x0000, 0x0000, 0x0000, 0x0000, 0x0000, 0x0000, 0x0000, 
    0x0000, 0x0000, 0x0000, 0x0000, 0x0000, 0x0000, 0x0000, 0x0000, 
    0x0000, 0x0000, 0x0000, 0x0000, 0x1082, 0x1082, 0x0000, 0x0000, 
    0x0000, 0x0020, 0x0841, 0x0000, 0x0000, 0x0000, 0x0000, 0x0000, 
    0x0020, 0x31A6, 0x0861, 0x2124, 0x3186, 0x0000, 0x0020, 0x0000, 
    0x0000, 0x0020, 0x0020, 0x0000, 0x0000, 0x0000, 0x0020, 0x0000, 
    0x3186, 0x4208, 0x2104, 0x632C, 0x7BEF, 0x8430, 0x5ACB, 0x31A6, 
    0xA534, 0x8C51, 0x8C51, 0x9492, 0x52AA, 0x0000, 0x18E3, 0x18E3, 
    0x0861, 0x0000, 0x0000, 0x0000, 0x0841, 0x1082, 0x0861, 0x2945, 
    0x4A49, 0x52AA, 0x6B6D, 0x8C71, 0x39E7, 0x5ACB, 0x9CF3, 0x94B2, 
    0x0000, 0x0000, 0x0000, 0x0000, 0x0000, 0x0000, 0x0020, 0x4228, 
    0x39C7, 0x0020, 0x39C7, 0x1082, 0x0000, 0x0000, 0x0020, 0x0000, 
    0x2945, 0x9CF3, 0x1082, 0x0000, 0x0000, 0x0000, 0x0000, 0x0000, 
    0x0000, 0x0000, 0x0000, 0x0000, 0x0000, 0x0000, 0x0000, 0x0000, 
    0x0000, 0x0000, 0x0000, 0x0000, 0x0000, 0x0000, 0x0000, 0x0000, 
    0x0841, 0x10A2, 0x0000, 0x0000, 0x0000, 0x0000, 0x0000, 0x0000, 
    0x0000, 0x0000, 0x0000, 0x0000, 0x0000, 0x0000, 0x0000, 0x0000, 
    0x0000, 0x0000, 0x0000, 0x0000, 0x0000, 0x0000, 0x0000, 0x0000, 
    0x0000, 0x0000, 0x0000, 0x0000, 0x0000, 0x0000, 0x0000, 0x0000, 
    0x0000, 0x10A2, 0x2965, 0x0000, 0x0000, 0x0000, 0x0000, 0x0000, 
    0x0000, 0x0861, 0x1082, 0x2104, 0x3186, 0x0020, 0x0020, 0x0000, 
    0x0841, 0x10A2, 0x0841, 0x0020, 0x0020, 0x0020, 0x0020, 0x0000, 
    0x2945, 0x0841, 0x2965, 0x6B4D, 0x7BEF, 0x8C51, 0x632C, 0x2104, 
    0x4A69, 0x39C7, 0x39C7, 0x39E7, 0x0841, 0x0861, 0x31A6, 0x1082, 
    0x0861, 0x0000, 0x0000, 0x0020, 0x1082, 0x0861, 0x0861, 0x39C7, 
    0x4A69, 0x5ACB, 0x73AE, 0x8C71, 0x528A, 0x94B2, 0xA514, 0xBDD7, 
    0x0000, 0x0000, 0x0841, 0x0841, 0x0020, 0x0000, 0x0000, 0x1082, 
    0x0861, 0x0000, 0x2104, 0x4228, 0x0000, 0x0000, 0x0000, 0x0000, 
    0x18E3, 0x2945, 0x0000, 0x0000, 0x0000, 0x0000, 0x0000, 0x0000, 
    0x0000, 0x0000, 0x0000, 0x0000, 0x0861, 0x18E3, 0x0000, 0x0000, 
    0x0000, 0x0841, 0x0000, 0x0000, 0x0000, 0x0000, 0x0000, 0x0000, 
    0x0000, 0x0000, 0x0000, 0x0000, 0x0000, 0x0861, 0x0020, 0x0000, 
    0x0000, 0x0000, 0x0000, 0x0000, 0x0000, 0x0000, 0x0000, 0x0000, 
    0x0000, 0x0000, 0x0000, 0x0000, 0x0000, 0x0000, 0x0000, 0x0000, 
    0x0000, 0x0000, 0x0000, 0x0000, 0x0000, 0x0000, 0x0000, 0x0020, 
    0x0000, 0x0000, 0x0841, 0x0000, 0x0000, 0x0000, 0x0000, 0x0000, 
    0x0000, 0x0841, 0x1082, 0x10A2, 0x39C7, 0x2124, 0x0020, 0x0861, 
    0x2124, 0x2124, 0x1082, 0x0020, 0x0841, 0x0841, 0x0841, 0x0841, 
    0x0841, 0x0020, 0x39C7, 0x6B6D, 0x7BEF, 0x8C71, 0x630C, 0x31A6, 
    0x738E, 0x5AEB, 0x5AEB, 0x10A2, 0x0000, 0x2965, 0x2945, 0x1082, 
    0x0861, 0x0000, 0x0000, 0x0861, 0x1082, 0x0861, 0x18E3, 0x4208, 
    0x52AA, 0x632C, 0x8410, 0x8C71, 0x5ACB, 0x94B2, 0xB5B6, 0x8430, 
    0x0000, 0x0000, 0x2124, 0x2945, 0x0000, 0x0020, 0x1082, 0x0020, 
    0x0000, 0x0861, 0x0861, 0x18C3, 0x0841, 0x0000, 0x0000, 0x0000, 
    0x0000, 0x0000, 0x0000, 0x0000, 0x0000, 0x0000, 0x0000, 0x0000, 
    0x0000, 0x0000, 0x0000, 0x0000, 0x4A49, 0x73AE, 0x0841, 0x0000, 
    0x0000, 0x0841, 0x0000, 0x0000, 0x0000, 0x0000, 0x0000, 0x0000, 
    0x0000, 0x0000, 0x0000, 0x0000, 0x0000, 0x3186, 0x2945, 0x0000, 
    0x0000, 0x0000, 0x0000, 0x0000, 0x0000, 0x0000, 0x0000, 0x0000, 
    0x0000, 0x0000, 0x0000, 0x0000, 0x0000, 0x0000, 0x0000, 0x0020, 
    0x1082, 0x0000, 0x0000, 0x0000, 0x0000, 0x0000, 0x0000, 0x0000, 
    0x0000, 0x0000, 0x0000, 0x0000, 0x0000, 0x0000, 0x0000, 0x0000, 
    0x0000, 0x0841, 0x1082, 0x1082, 0x31A6, 0x39E7, 0x2965, 0x3186, 
    0x2945, 0x2945, 0x2104, 0x0841, 0x0841, 0x0841, 0x0841, 0x0841, 
    0x0841, 0x1082, 0x4208, 0x6B4D, 0x8410, 0x8C71, 0x5ACB, 0x4A49, 
    0x9CF3, 0x8C71, 0x52AA, 0x0020, 0x10A2, 0x39C7, 0x18C3, 0x1082, 
    0x1082, 0x0000, 0x0020, 0x0861, 0x1082, 0x0861, 0x2945, 0x4A69, 
    0x5ACB, 0x738E, 0x9492, 0x7BEF, 0x39C7, 0xAD55, 0x94B2, 0x738E, 
    0x0000, 0x0000, 0x0841, 0x0841, 0x0000, 0x0020, 0x0861, 0x0020, 
    0x0000, 0x39E7, 0x39C7, 0x0000, 0x0000, 0x0000, 0x0000, 0x0000, 
    0x0000, 0x0000, 0x0000, 0x0020, 0x0020, 0x0000, 0x0000, 0x0000, 
    0x0000, 0x0000, 0x0000, 0x0000, 0x2945, 0x4228, 0x0000, 0x0000, 
    0x0000, 0x0000, 0x0000, 0x0000, 0x0000, 0x0000, 0x0000, 0x0000, 
    0x0000, 0x0000, 0x0000, 0x0000, 0x0000, 0x2104, 0x4228, 0x0000, 
    0x0000, 0x0000, 0x0000, 0x0000, 0x0000, 0x0000, 0x0000, 0x0000, 
    0x0000, 0x0000, 0x0000, 0x0000, 0x0000, 0x0000, 0x0000, 0x1082, 
    0x31A6, 0x0000, 0x0000, 0x0000, 0x0000, 0x0000, 0x0000, 0x0000, 
    0x0000, 0x0000, 0x0000, 0x0000, 0x0000, 0x0000, 0x0000, 0x0000, 
    0x0000, 0x0841, 0x1082, 0x0861, 0x18E3, 0x4208, 0x31A6, 0x3186, 
    0x2945, 0x2945, 0x2945, 0x2124, 0x1082, 0x0841, 0x0861, 0x0841, 
    0x0841, 0x0861, 0x39C7, 0x6B6D, 0x8430, 0x8C71, 0x632C, 0x2965, 
    0x7BCF, 0x4228, 0x0020, 0x0020, 0x31A6, 0x31A6, 0x10A2, 0x4228, 
    0x0861, 0x0000, 0x0861, 0x1082, 0x1082, 0x1082, 0x39C7, 0x528A, 
    0x632C, 0x7BEF, 0x9CD3, 0x632C, 0x5ACB, 0xA534, 0x94B2, 0x5AEB, 
    0x0000, 0x0000, 0x0000, 0x0020, 0x0020, 0x0020, 0x0000, 0x0000, 
    0x0000, 0x1082, 0x2124, 0x0020, 0x0000, 0x0000, 0x0000, 0x0000, 
    0x0000, 0x0000, 0x0000, 0x18E3, 0x18E3, 0x0000, 0x0000, 0x0000, 
    0x0000, 0x0000, 0x0000, 0x0000, 0x0000, 0x0000, 0x0000, 0x0000, 
    0x0000, 0x0000, 0x0000, 0x0000, 0x0000, 0x0000, 0x0000, 0x0000, 
    0x0000, 0x0000, 0x0000, 0x0000, 0x0000, 0x0020, 0x18E3, 0x0000, 
    0x0000, 0x0000, 0x0000, 0x0000, 0x0000, 0x1082, 0x1082, 0x0000, 
    0x0000, 0x0000, 0x0000, 0x0000, 0x0000, 0x0000, 0x0000, 0x0020, 
    0x1082, 0x0000, 0x0000, 0x0000, 0x0000, 0x0000, 0x0000, 0x0000, 
    0x0000, 0x0000, 0x0000, 0x0000, 0x0000, 0x0000, 0x0000, 0x0000, 
    0x0000, 0x0841, 0x1082, 0x1082, 0x1082, 0x3186, 0x39E7, 0x2945, 
    0x18E3, 0x2104, 0x2965, 0x2945, 0x2124, 0x0841, 0x0861, 0x0861, 
    0x0861, 0x0861, 0x39E7, 0x6B4D, 0x8430, 0x8C51, 0x73AE, 0x2945, 
    0x0861, 0x1082, 0x0861, 0x2124, 0x4208, 0x2124, 0x39E7, 0x4A49, 
    0x0000, 0x0841, 0x1082, 0x1082, 0x1082, 0x18C3, 0x4228, 0x5ACB, 
    0x6B6D, 0x8C51, 0x9CD3, 0x52AA, 0x6B6D, 0x9CF3, 0x94B2, 0x4A49, 
    0x0000, 0x0000, 0x0000, 0x0000, 0x0000, 0x0000, 0x0000, 0x0000, 
    0x0000, 0x0000, 0x1082, 0x4208, 0x0020, 0x0000, 0x0000, 0x0000, 
    0x0000, 0x0000, 0x0000, 0x0841, 0x0841, 0x0000, 0x0000, 0x0000, 
    0x0000, 0x0000, 0x0000, 0x0000, 0x2945, 0x10A2, 0x0000, 0x0000, 
    0x0000, 0x0000, 0x0000, 0x0000, 0x0000, 0x0000, 0x0000, 0x0000, 
    0x0000, 0x0000, 0x0000, 0x0000, 0x0000, 0x0861, 0x18E3, 0x0000, 
    0x0000, 0x0000, 0x0000, 0x0000, 0x0000, 0x2104, 0x2965, 0x0000, 
    0x0000, 0x0000, 0x0000, 0x0000, 0x0000, 0x0000, 0x0000, 0x0000, 
    0x0000, 0x0000, 0x0000, 0x0000, 0x0000, 0x0000, 0x0000, 0x0000, 
    0x0000, 0x0000, 0x0000, 0x0000, 0x0000, 0x0000, 0x0000, 0x0000, 
    0x0000, 0x0020, 0x0861, 0x1082, 0x1082, 0x18C3, 0x2965, 0x10A2, 
    0x0841, 0x2965, 0x2965, 0x2945, 0x2965, 0x18C3, 0x10A2, 0x1082, 
    0x0861, 0x1082, 0x4228, 0x6B4D, 0x8430, 0x8C71, 0x7BCF, 0x4228, 
    0x18C3, 0x18C3, 0x10A2, 0x2945, 0x39E7, 0x2124, 0x2965, 0x1082, 
    0x0000, 0x0861, 0x1082, 0x10A2, 0x1082, 0x2124, 0x4A69, 0x5AEB, 
    0x7BEF, 0x8C71, 0x94B2, 0x4228, 0x7BCF, 0x9CF3, 0x8C71, 0x3186, 
    0x0000, 0x0000, 0x0000, 0x0000, 0x0000, 0x0000, 0x0000, 0x0000, 
    0x0000, 0x0020, 0x0000, 0x2124, 0x18E3, 0x0000, 0x0000, 0x0000, 
    0x0000, 0x0000, 0x0000, 0x0000, 0x0000, 0x0000, 0x0000, 0x0000, 
    0x0000, 0x0000, 0x0000, 0x0000, 0x1082, 0x0841, 0x0000, 0x0000, 
    0x0000, 0x0000, 0x0000, 0x0000, 0x0000, 0x0000, 0x0000, 0x0000, 
    0x0000, 0x0000, 0x0000, 0x0000, 0x0000, 0x0020, 0x528A, 0x0020, 
    0x0000, 0x0841, 0x0000, 0x0000, 0x0000, 0x0000, 0x0861, 0x0000, 
    0x0000, 0x0000, 0x0000, 0x0000, 0x0000, 0x0000, 0x0000, 0x0000, 
    0x0000, 0x0000, 0x0000, 0x0000, 0x0000, 0x0020, 0x3186, 0x0000, 
    0x0000, 0x0000, 0x0000, 0x0000, 0x0000, 0x0000, 0x0000, 0x0000, 
    0x0000, 0x0000, 0x0861, 0x10A2, 0x1082, 0x0861, 0x0841, 0x0841, 
    0x1082, 0x3186, 0x2945, 0x2124, 0x3186, 0x2945, 0x2945, 0x10A2, 
    0x0861, 0x2124, 0x528A, 0x632C, 0x8C71, 0x9CD3, 0x73AE, 0x5ACB, 
    0x2945, 0x18E3, 0x2965, 0x2945, 0x39E7, 0x2104, 0x10A2, 0x18E3, 
    0x0020, 0x1082, 0x1082, 0x10A2, 0x10A2, 0x39C7, 0x5ACB, 0x6B4D, 
    0x8430, 0x9492, 0x94B2, 0x2945, 0x738E, 0xA514, 0x8430, 0x2124, 
    0x0000, 0x0000, 0x0000, 0x0000, 0x0000, 0x0000, 0x0000, 0x0000, 
    0x0000, 0x0000, 0x0020, 0x0000, 0x0841, 0x0020, 0x0000, 0x0000, 
    0x0000, 0x0000, 0x0000, 0x0000, 0x0000, 0x0000, 0x0000, 0x0000, 
    0x0000, 0x0000, 0x0000, 0x0000, 0x0000, 0x0000, 0x0000, 0x0000, 
    0x0000, 0x0000, 0x0000, 0x0000, 0x0000, 0x0000, 0x0000, 0x0000, 
    0x0000, 0x0000, 0x0000, 0x0000, 0x0000, 0x0000, 0x52AA, 0x18E3, 
    0x0000, 0x10A2, 0x10A2, 0x0000, 0x0000, 0x0000, 0x0000, 0x0000, 
    0x0000, 0x0000, 0x0000, 0x0000, 0x0000, 0x0000, 0x0000, 0x0000, 
    0x0000, 0x0000, 0x0000, 0x0000, 0x0000, 0x0841, 0x39E7, 0x0000, 
    0x0000, 0x0000, 0x0000, 0x0000, 0x0000, 0x0000, 0x0000, 0x0020, 
    0x0000, 0x0000, 0x0841, 0x2945, 0x0861, 0x0841, 0x0841, 0x10A2, 
    0x1082, 0x2945, 0x2965, 0x10A2, 0x2965, 0x2945, 0x1082, 0x0861, 
    0x18E3, 0x4208, 0x528A, 0x6B4D, 0xA514, 0x94B2, 0x7BEF, 0x52AA, 
    0x2965, 0x39E7, 0x3186, 0x31A6, 0x39C7, 0x18C3, 0x18E3, 0x1082, 
    0x0861, 0x1082, 0x1082, 0x1082, 0x2104, 0x4A69, 0x5ACB, 0x73AE, 
    0x8C71, 0x94B2, 0x8C51, 0x2104, 0x73AE, 0x9CF3, 0x8C51, 0x2945, 
    0x0000, 0x0000, 0x0000, 0x0000, 0x0000, 0x0000, 0x0000, 0x0000, 
    0x0000, 0x0000, 0x0000, 0x0000, 0x0000, 0x0000, 0x0000, 0x0000, 
    0x0000, 0x0000, 0x0020, 0x0000, 0x0000, 0x0000, 0x0000, 0x0000, 
    0x0000, 0x0000, 0x0000, 0x0000, 0x0000, 0x0000, 0x0000, 0x0000, 
    0x0000, 0x0000, 0x0000, 0x0000, 0x0000, 0x0000, 0x0000, 0x0000, 
    0x0000, 0x0000, 0x0000, 0x0000, 0x0000, 0x0000, 0x2104, 0x18E3, 
    0x0000, 0x18C3, 0x3186, 0x0000, 0x0000, 0x0000, 0x0000, 0x0000, 
    0x0000, 0x0000, 0x0000, 0x0000, 0x0000, 0x0000, 0x0000, 0x0000, 
    0x0000, 0x0000, 0x0000, 0x0000, 0x0000, 0x0000, 0x0020, 0x0000, 
    0x0000, 0x0000, 0x0000, 0x0000, 0x0000, 0x0000, 0x0020, 0x0020, 
    0x0841, 0x0000, 0x31A6, 0x39E7, 0x0000, 0x0861, 0x0861, 0x18E3, 
    0x10A2, 0x2965, 0x3186, 0x18C3, 0x2124, 0x3186, 0x18C3, 0x10A2, 
    0x2945, 0x4208, 0x4A69, 0x73AE, 0x94B2, 0x8C71, 0x8430, 0x5AEB, 
    0x4A69, 0x4208, 0x39C7, 0x39E7, 0x31A6, 0x18C3, 0x10A2, 0x1082, 
    0x1082, 0x1082, 0x10A2, 0x1082, 0x3186, 0x52AA, 0x630C, 0x8430, 
    0x8C71, 0x94B2, 0x7BEF, 0x1082, 0x7BCF, 0x9CF3, 0x6B6D, 0x2945, 
    0x0000, 0x0000, 0x0000, 0x0000, 0x0000, 0x0000, 0x0000, 0x0000, 
    0x0000, 0x0000, 0x0000, 0x0000, 0x0000, 0x0000, 0x0000, 0x0000, 
    0x0000, 0x0000, 0x0000, 0x1082, 0x0020, 0x0000, 0x0000, 0x0000, 
    0x0000, 0x0861, 0x18C3, 0x0000, 0x0000, 0x0000, 0x0000, 0x0000, 
    0x0000, 0x0000, 0x0000, 0x0000, 0x0000, 0x0000, 0x0000, 0x1082, 
    0x0020, 0x0000, 0x0000, 0x0000, 0x0000, 0x0000, 0x0000, 0x0020, 
    0x0000, 0x0841, 0x39E7, 0x0000, 0x0000, 0x0000, 0x1082, 0x10A2, 
    0x0000, 0x0000, 0x0000, 0x0000, 0x0000, 0x0000, 0x0000, 0x0000, 
    0x0000, 0x0000, 0x0000, 0x0000, 0x0000, 0x0000, 0x0000, 0x0000, 
    0x0000, 0x0000, 0x0000, 0x0000, 0x0000, 0x0000, 0x0020, 0x0020, 
    0x0020, 0x0000, 0x5AEB, 0x2124, 0x0841, 0x0861, 0x18E3, 0x18E3, 
    0x18E3, 0x39C7, 0x31A6, 0x18E3, 0x18E3, 0x3186, 0x2104, 0x10A2, 
    0x39C7, 0x4228, 0x52AA, 0x738E, 0x8430, 0x9CD3, 0x8C51, 0x6B4D, 
    0x52AA, 0x4A49, 0x4208, 0x4208, 0x39C7, 0x18C3, 0x1082, 0x18C3, 
    0x10A2, 0x10A2, 0x1082, 0x18E3, 0x4A49, 0x5AEB, 0x6B6D, 0x8C71, 
    0x9492, 0x9CD3, 0x6B4D, 0x0020, 0x7BEF, 0xA514, 0x632C, 0x3186, 
    0x0000, 0x0000, 0x0000, 0x0000, 0x0000, 0x0000, 0x0000, 0x0000, 
    0x0000, 0x0000, 0x0000, 0x0000, 0x0000, 0x0000, 0x0000, 0x0000, 
    0x0000, 0x0020, 0x0000, 0x0861, 0x0000, 0x0000, 0x0000, 0x0000, 
    0x0000, 0x0020, 0x4A49, 0x0861, 0x0000, 0x0000, 0x0000, 0x0000, 
    0x0000, 0x0000, 0x0000, 0x0000, 0x0000, 0x0000, 0x0000, 0x3186, 
    0x3186, 0x0000, 0x0000, 0x0000, 0x0000, 0x0000, 0x0000, 0x0000, 
    0x0000, 0x0000, 0x2945, 0x0020, 0x0000, 0x0000, 0x0020, 0x0841, 
    0x0000, 0x0000, 0x0000, 0x0000, 0x0000, 0x0000, 0x0000, 0x0000, 
    0x0000, 0x0000, 0x0000, 0x0000, 0x0000, 0x0000, 0x0000, 0x0000, 
    0x0000, 0x0000, 0x0000, 0x0000, 0x0000, 0x0020, 0x0020, 0x0020, 
    0x0020, 0x0861, 0x4228, 0x0841, 0x0861, 0x1082, 0x2965, 0x18E3, 
    0x18E3, 0x31A6, 0x39C7, 0x2104, 0x18E3, 0x2945, 0x2104, 0x18E3, 
    0x39E7, 0x4228, 0x52AA, 0x632C, 0x8430, 0x9CD3, 0x8C51, 0x6B6D, 
    0x5ACB, 0x4A69, 0x4228, 0x4228, 0x31A6, 0x10A2, 0x10A2, 0x18C3, 
    0x18C3, 0x18C3, 0x10A2, 0x3186, 0x52AA, 0x630C, 0x7BEF, 0x94B2, 
    0x94B2, 0x9492, 0x4208, 0x0020, 0x7BCF, 0xA534, 0x632C, 0x4208, 
    0x0000, 0x0000, 0x0000, 0x0000, 0x0000, 0x0000, 0x0000, 0x0000, 
    0x0000, 0x0000, 0x0000, 0x0000, 0x0000, 0x0020, 0x0000, 0x0000, 
    0x0000, 0x0000, 0x0000, 0x0000, 0x0020, 0x0000, 0x0000, 0x0000, 
    0x0000, 0x0000, 0x1082, 0x1082, 0x0000, 0x0000, 0x0000, 0x0000, 
    0x0000, 0x0000, 0x0000, 0x0000, 0x0000, 0x0000, 0x0020, 0x4A49, 
    0x4A49, 0x0000, 0x0000, 0x0000, 0x0000, 0x0000, 0x0000, 0x0000, 
    0x0000, 0x0861, 0x0861, 0x0020, 0x0000, 0x0000, 0x0000, 0x0000, 
    0x0000, 0x0000, 0x0000, 0x0000, 0x0000, 0x0000, 0x0000, 0x0000, 
    0x0000, 0x0000, 0x0000, 0x0000, 0x0000, 0x0000, 0x0000, 0x0000, 
    0x0000, 0x0000, 0x0000, 0x0000, 0x0000, 0x0020, 0x0020, 0x0020, 
    0x0020, 0x1082, 0x10A2, 0x0841, 0x10A2, 0x2124, 0x3186, 0x10A2, 
    0x18E3, 0x31A6, 0x4208, 0x2945, 0x2104, 0x2945, 0x18E3, 0x2945, 
    0x4208, 0x52AA, 0x5ACB, 0x5ACB, 0x8430, 0x94B2, 0x8C71, 0x738E, 
    0x630C, 0x528A, 0x4A49, 0x4A49, 0x2965, 0x10A2, 0x10A2, 0x18E3, 
    0x18C3, 0x10A2, 0x18E3, 0x4228, 0x5ACB, 0x6B4D, 0x8C51, 0x94B2, 
    0x94B2, 0x8410, 0x2124, 0x0020, 0x73AE, 0xA534, 0x738E, 0x4A49, 
    0x0000, 0x0000, 0x0000, 0x0000, 0x0000, 0x0000, 0x0000, 0x0000, 
    0x0000, 0x0000, 0x0000, 0x0020, 0x0000, 0x0000, 0x0000, 0x0000, 
    0x0000, 0x0000, 0x0000, 0x0000, 0x0020, 0x0020, 0x0000, 0x0000, 
    0x0000, 0x0000, 0x0000, 0x0000, 0x0000, 0x0000, 0x0000, 0x0000, 
    0x0000, 0x0000, 0x0000, 0x0000, 0x0000, 0x0000, 0x0841, 0x1082, 
    0x0861, 0x0000, 0x0000, 0x0000, 0x0000, 0x0000, 0x0000, 0x0000, 
    0x0000, 0x39C7, 0x18E3, 0x0000, 0x0000, 0x0000, 0x0000, 0x0000, 
    0x0000, 0x0000, 0x0020, 0x0841, 0x0000, 0x2945, 0x3186, 0x0000, 
    0x0000, 0x0000, 0x0000, 0x0000, 0x0000, 0x0000, 0x0000, 0x0000, 
    0x0000, 0x0000, 0x0000, 0x0000, 0x0020, 0x0020, 0x0020, 0x0020, 
    0x0841, 0x0861, 0x0841, 0x10A2, 0x2965, 0x39E7, 0x2945, 0x18C3, 
    0x18E3, 0x2945, 0x528A, 0x5AEB, 0x2965, 0x2965, 0x2104, 0x2965, 
    0x4228, 0x4228, 0x52AA, 0x5ACB, 0x8410, 0x94B2, 0x94B2, 0x7BCF, 
    0x632C, 0x5ACB, 0x4A69, 0x4228, 0x2945, 0x18C3, 0x18C3, 0x18E3, 
    0x18E3, 0x10A2, 0x2965, 0x528A, 0x630C, 0x73AE, 0x8C71, 0x94B2, 
    0x9CD3, 0x630C, 0x1082, 0x0000, 0x6B4D, 0xA514, 0x8430, 0x4A69, 
    0x0000, 0x0000, 0x0000, 0x0000, 0x0000, 0x0000, 0x0000, 0x0000, 
    0x0000, 0x0000, 0x0000, 0x0000, 0x0000, 0x0000, 0x0000, 0x0000, 
    0x0000, 0x0000, 0x0000, 0x0000, 0x0020, 0x0000, 0x0000, 0x0000, 
    0x0020, 0x0861, 0x0000, 0x0020, 0x0000, 0x0000, 0x0000, 0x0000, 
    0x0000, 0x0000, 0x0000, 0x0000, 0x0000, 0x0000, 0x0000, 0x0000, 
    0x0000, 0x0000, 0x0000, 0x0000, 0x0000, 0x0000, 0x0000, 0x0000, 
    0x0000, 0x3186, 0x31A6, 0x0000, 0x0000, 0x0000, 0x0000, 0x0000, 
    0x0000, 0x0000, 0x0841, 0x1082, 0x0000, 0x0861, 0x0841, 0x0000, 
    0x0000, 0x0000, 0x0000, 0x0861, 0x0020, 0x0000, 0x0000, 0x0000, 
    0x0000, 0x0000, 0x0000, 0x0000, 0x0000, 0x0020, 0x0020, 0x0020, 
    0x0841, 0x0861, 0x0861, 0x10A2, 0x2965, 0x39C7, 0x18E3, 0x18E3, 
    0x2104, 0x2104, 0x4228, 0x5ACB, 0x2945, 0x2124, 0x2945, 0x31A6, 
    0x4A49, 0x39E7, 0x4228, 0x528A, 0x7BCF, 0x9CF3, 0x9CF3, 0x8430, 
    0x6B4D, 0x5ACB, 0x52AA, 0x4208, 0x2124, 0x10A2, 0x18E3, 0x2104, 
    0x18E3, 0x18E3, 0x39E7, 0x5ACB, 0x6B4D, 0x8410, 0x9492, 0x94B2, 
    0x8C51, 0x39C7, 0x0841, 0x0000, 0x630C, 0x9CF3, 0x94B2, 0x4228, 
    0x0000, 0x0000, 0x0000, 0x0000, 0x0000, 0x0000, 0x0000, 0x0000, 
    0x0000, 0x0000, 0x0000, 0x0000, 0x0000, 0x0000, 0x0000, 0x0000, 
    0x0000, 0x0000, 0x0000, 0x0000, 0x0841, 0x3186, 0x0841, 0x0020, 
    0x0000, 0x39C7, 0x10A2, 0x0000, 0x0000, 0x0000, 0x0000, 0x0000, 
    0x0000, 0x0000, 0x0000, 0x0000, 0x0000, 0x0000, 0x0000, 0x0000, 
    0x0000, 0x0000, 0x0000, 0x0000, 0x0000, 0x0000, 0x0000, 0x0000, 
    0x0000, 0x0020, 0x1082, 0x0000, 0x0000, 0x0000, 0x0000, 0x0000, 
    0x0000, 0x0000, 0x0000, 0x0000, 0x0000, 0x0000, 0x0000, 0x0000, 
    0x0000, 0x0000, 0x0000, 0x0020, 0x0000, 0x0000, 0x0000, 0x0000, 
    0x0000, 0x0000, 0x0000, 0x0000, 0x0020, 0x0020, 0x0020, 0x0020, 
    0x0841, 0x0861, 0x1082, 0x10A2, 0x2104, 0x2124, 0x18E3, 0x2104, 
    0x2124, 0x2124, 0x2945, 0x3186, 0x2945, 0x2945, 0x2945, 0x39C7, 
    0x4228, 0x4A49, 0x5AEB, 0x4A69, 0x6B6D, 0x9CF3, 0x9CF3, 0x8C71, 
    0x738E, 0x630C, 0x5ACB, 0x39C7, 0x2124, 0x10A2, 0x2104, 0x2104, 
    0x2104, 0x2945, 0x4A69, 0x5AEB, 0x738E, 0x8C71, 0x94B2, 0x9CD3, 
    0x630C, 0x2104, 0x0841, 0x0000, 0x4A69, 0x9CF3, 0x9CF3, 0x52AA, 
    0x0000, 0x0000, 0x0000, 0x0000, 0x0000, 0x0000, 0x0000, 0x0000, 
    0x0000, 0x1082, 0x0000, 0x0000, 0x0020, 0x0020, 0x10A2, 0x0861, 
    0x0000, 0x0000, 0x0000, 0x0000, 0x0000, 0x2965, 0x18E3, 0x0000, 
    0x0000, 0x0861, 0x10A2, 0x18E3, 0x0000, 0x0000, 0x0000, 0x0000, 
    0x0000, 0x0000, 0x0000, 0x0000, 0x0000, 0x0000, 0x0000, 0x0000, 
    0x0000, 0x0000, 0x0000, 0x0000, 0x0000, 0x0000, 0x0000, 0x0000, 
    0x0000, 0x0000, 0x0000, 0x0000, 0x0000, 0x0000, 0x0000, 0x0000, 
    0x0000, 0x0000, 0x0000, 0x0000, 0x0000, 0x0000, 0x0000, 0x0000, 
    0x0000, 0x0000, 0x0000, 0x0000, 0x0000, 0x0020, 0x0000, 0x0000, 
    0x0000, 0x0000, 0x0000, 0x0020, 0x0020, 0x0020, 0x0841, 0x0841, 
    0x0841, 0x0861, 0x10A2, 0x18C3, 0x18C3, 0x18E3, 0x2104, 0x2124, 
    0x2124, 0x2945, 0x2945, 0x2965, 0x2965, 0x2965, 0x2965, 0x31A6, 
    0x4A49, 0x52AA, 0x630C, 0x52AA, 0x52AA, 0x9CF3, 0xA514, 0x94B2, 
    0x7BCF, 0x632C, 0x5ACB, 0x31A6, 0x2104, 0x18C3, 0x2124, 0x2124, 
    0x2104, 0x39E7, 0x5ACB, 0x632C, 0x7BEF, 0x9492, 0x94B2, 0x8430, 
    0x39C7, 0x18C3, 0x0000, 0x0000, 0x31A6, 0x9CD3, 0x9492, 0x7BEF, 
    0x0000, 0x0000, 0x0000, 0x0000, 0x0000, 0x0000, 0x0000, 0x0000, 
    0x0000, 0x2124, 0x2124, 0x0020, 0x0000, 0x10A2, 0x4228, 0x2965, 
    0x0000, 0x0000, 0x0000, 0x0000, 0x0020, 0x0000, 0x0020, 0x0020, 
    0x0841, 0x0000, 0x0841, 0x2124, 0x0000, 0x0000, 0x0000, 0x0000, 
    0x0020, 0x0000, 0x0000, 0x0000, 0x0000, 0x0000, 0x0000, 0x0000, 
    0x0000, 0x0000, 0x0000, 0x0841, 0x0841, 0x0000, 0x0000, 0x0000, 
    0x0000, 0x0000, 0x0000, 0x0000, 0x0000, 0x0000, 0x0000, 0x0000, 
    0x0000, 0x0000, 0x0000, 0x0000, 0x0000, 0x0000, 0x0000, 0x0000, 
    0x0000, 0x0000, 0x0000, 0x0000, 0x0000, 0x0020, 0x0000, 0x0000, 
    0x0000, 0x0020, 0x0000, 0x0020, 0x0000, 0x0020, 0x0020, 0x0841, 
    0x0861, 0x10A2, 0x18C3, 0x18C3, 0x18C3, 0x18E3, 0x2104, 0x2124, 
    0x2945, 0x2945, 0x2945, 0x2965, 0x31A6, 0x3186, 0x3186, 0x3186, 
    0x4A49, 0x52AA, 0x630C, 0x630C, 0x4228, 0x8C71, 0xA534, 0x9CF3, 
    0x8410, 0x6B6D, 0x52AA, 0x2965, 0x2124, 0x18C3, 0x2124, 0x2104, 
    0x2124, 0x528A, 0x630C, 0x738E, 0x8430, 0x9CD3, 0x9CD3, 0x5ACB, 
    0x2124, 0x1082, 0x0861, 0x0020, 0x18E3, 0x9CD3, 0x9CD3, 0x8C71, 
    0x0000, 0x0000, 0x0000, 0x0000, 0x0000, 0x0000, 0x0000, 0x0000, 
    0x0000, 0x0841, 0x3186, 0x0000, 0x0000, 0x0020, 0x5ACB, 0x31A6, 
    0x0000, 0x0020, 0x0000, 0x0000, 0x0000, 0x0020, 0x0000, 0x0020, 
    0x0020, 0x0000, 0x0000, 0x0000, 0x0000, 0x0000, 0x0000, 0x0000, 
    0x0000, 0x2104, 0x0861, 0x0000, 0x0000, 0x0000, 0x0000, 0x0000, 
    0x0000, 0x0000, 0x0000, 0x18E3, 0x31A6, 0x0000, 0x0000, 0x0000, 
    0x0000, 0x0000, 0x0000, 0x0000, 0x0000, 0x0000, 0x0000, 0x0000, 
    0x0000, 0x0000, 0x0000, 0x0000, 0x0020, 0x0000, 0x0000, 0x0000, 
    0x0000, 0x0000, 0x0000, 0x0000, 0x0841, 0x0841, 0x0000, 0x0000, 
    0x0861, 0x0841, 0x0000, 0x0020, 0x0020, 0x0020, 0x0841, 0x0841, 
    0x0861, 0x1082, 0x18C3, 0x18C3, 0x18E3, 0x2104, 0x2124, 0x2124, 
    0x2965, 0x2965, 0x2104, 0x52AA, 0x39C7, 0x2965, 0x39C7, 0x31A6, 
    0x4208, 0x52AA, 0x632C, 0x632C, 0x4228, 0x6B6D, 0xAD55, 0x9CF3, 
    0x8430, 0x738E, 0x4A69, 0x2965, 0x2104, 0x18E3, 0x2945, 0x2104, 
    0x31A6, 0x5ACB, 0x6B4D, 0x7BCF, 0x9492, 0x9CD3, 0x8430, 0x31A6, 
    0x18E3, 0x0861, 0x2945, 0x0841, 0x0841, 0x39E7, 0x5ACB, 0x4228, 
    0x0000, 0x0000, 0x0000, 0x0000, 0x0000, 0x0000, 0x0000, 0x0000, 
    0x0000, 0x0000, 0x0000, 0x0000, 0x0000, 0x0000, 0x0861, 0x39C7, 
    0x0841, 0x0000, 0x0000, 0x0000, 0x0000, 0x0000, 0x0020, 0x0020, 
    0x0861, 0x0841, 0x0000, 0x0000, 0x0000, 0x0000, 0x0000, 0x0000, 
    0x0000, 0x10A2, 0x4208, 0x2104, 0x0000, 0x0000, 0x0000, 0x0000, 
    0x0000, 0x0000, 0x0000, 0x0000, 0x0841, 0x0000, 0x0000, 0x0000, 
    0x0000, 0x0000, 0x0000, 0x0000, 0x0000, 0x0000, 0x0000, 0x0020, 
    0x0020, 0x0000, 0x0020, 0x31A6, 0x18C3, 0x0000, 0x0000, 0x0000, 
    0x0000, 0x0000, 0x2104, 0x2124, 0x0841, 0x0841, 0x0000, 0x0000, 
    0x1082, 0x0020, 0x0000, 0x0020, 0x0020, 0x0020, 0x0841, 0x0861, 
    0x0861, 0x10A2, 0x18C3, 0x18E3, 0x2104, 0x2104, 0x2124, 0x2945, 
    0x2965, 0x2945, 0x4208, 0x738E, 0x2945, 0x3186, 0x630C, 0x4228, 
    0x39E7, 0x528A, 0x5AEB, 0x6B6D, 0x4A49, 0x52AA, 0x9CF3, 0xA534, 
    0x8430, 0x73AE, 0x4228, 0x2965, 0x18E3, 0x2104, 0x2965, 0x2124, 
    0x4228, 0x630C, 0x738E, 0x8C71, 0x9CD3, 0x9CD3, 0x528A, 0x2945, 
    0x1082, 0x0841, 0x0861, 0x0841, 0x0841, 0x0000, 0x0000, 0x0000, 
    0x0000, 0x0000, 0x0000, 0x0000, 0x0000, 0x0000, 0x0000, 0x0000, 
    0x0000, 0x0000, 0x0000, 0x0000, 0x0000, 0x0000, 0x0000, 0x0020, 
    0x0841, 0x0000, 0x0000, 0x0000, 0x0000, 0x0000, 0x0000, 0x0020, 
    0x0861, 0x4228, 0x0841, 0x0000, 0x0000, 0x0000, 0x0000, 0x0000, 
    0x0000, 0x2124, 0x5AEB, 0x18C3, 0x0000, 0x0000, 0x0000, 0x0000, 
    0x0000, 0x0000, 0x0000, 0x0000, 0x0000, 0x0000, 0x0000, 0x0000, 
    0x0000, 0x0000, 0x0000, 0x0000, 0x0000, 0x0000, 0x0841, 0x0861, 
    0x2965, 0x2104, 0x0020, 0x1082, 0x0020, 0x0000, 0x0841, 0x3186, 
    0x0000, 0x0000, 0x18C3, 0x18C3, 0x0841, 0x0020, 0x0000, 0x0000, 
    0x0000, 0x0000, 0x0020, 0x0020, 0x0020, 0x0841, 0x0841, 0x0841, 
    0x0861, 0x10A2, 0x18E3, 0x2104, 0x2104, 0x2104, 0x39C7, 0x2965, 
    0x2965, 0x2965, 0x5ACB, 0x39C7, 0x2945, 0x31A6, 0x4208, 0x39E7, 
    0x39C7, 0x39C7, 0x4A69, 0x738E, 0x528A, 0x4228, 0x7BEF, 0xA534, 
    0x8410, 0x6B6D, 0x4208, 0x2945, 0x18E3, 0x2124, 0x2965, 0x3186, 
    0x5ACB, 0x6B4D, 0x9CF3, 0x9CD3, 0x9CF3, 0x738E, 0x3186, 0x2124, 
    0x0841, 0x0861, 0x1082, 0x0861, 0x0841, 0x0861, 0x0861, 0x0841, 
    0x0000, 0x0000, 0x0000, 0x0000, 0x0000, 0x0000, 0x0000, 0x0000, 
    0x0000, 0x0000, 0x0000, 0x0000, 0x0000, 0x0000, 0x0000, 0x0000, 
    0x0000, 0x0000, 0x0000, 0x0000, 0x0000, 0x0000, 0x0000, 0x0020, 
    0x0000, 0x18E3, 0x10A2, 0x0000, 0x0000, 0x0000, 0x0000, 0x0000, 
    0x0000, 0x18C3, 0x0861, 0x0000, 0x0000, 0x0000, 0x0000, 0x0000, 
    0x1082, 0x0000, 0x0000, 0x0000, 0x0000, 0x0000, 0x0000, 0x0000, 
    0x0000, 0x0000, 0x0000, 0x0000, 0x0000, 0x0000, 0x3186, 0x0861, 
    0x0000, 0x0861, 0x0020, 0x0000, 0x0000, 0x0000, 0x0020, 0x2124, 
    0x0000, 0x0000, 0x0000, 0x0000, 0x0841, 0x0020, 0x0020, 0x0020, 
    0x0020, 0x0020, 0x0020, 0x0020, 0x0020, 0x0841, 0x0841, 0x0861, 
    0x0861, 0x10A2, 0x18E3, 0x18E3, 0x18E3, 0x4208, 0x52AA, 0x2124, 
    0x3186, 0x31A6, 0x31A6, 0x2965, 0x3186, 0x31A6, 0x39C7, 0x39E7, 
    0x39E7, 0x39E7, 0x39E7, 0x6B6D, 0x5AEB, 0x4208, 0x5ACB, 0x9492, 
    0x8410, 0x6B4D, 0x31A6, 0x2945, 0x18E3, 0x2124, 0x2965, 0x39E7, 
    0x630C, 0x8430, 0x9492, 0x9CD3, 0x8C51, 0x39E7, 0x3186, 0x1082, 
    0x0841, 0x10A2, 0x3186, 0x1082, 0x0841, 0x2104, 0x10A2, 0x0020, 
    0x0000, 0x0000, 0x0000, 0x0000, 0x0000, 0x0000, 0x0000, 0x0000, 
    0x0000, 0x0000, 0x0000, 0x0000, 0x0000, 0x0000, 0x0000, 0x0000, 
    0x0000, 0x0000, 0x0000, 0x0000, 0x0000, 0x0000, 0x0000, 0x0000, 
    0x0020, 0x0020, 0x0020, 0x0020, 0x0000, 0x0000, 0x0000, 0x0000, 
    0x0000, 0x0000, 0x0000, 0x0000, 0x0000, 0x0000, 0x0861, 0x52AA, 
    0x2965, 0x0000, 0x0000, 0x0000, 0x0000, 0x0000, 0x0000, 0x0000, 
    0x0000, 0x0000, 0x0000, 0x0000, 0x0000, 0x0000, 0x0841, 0x0020, 
    0x0000, 0x0000, 0x39E7, 0x1082, 0x0000, 0x0000, 0x0000, 0x0000, 
    0x0000, 0x0000, 0x0000, 0x0020, 0x0841, 0x0000, 0x18E3, 0x2104, 
    0x0000, 0x0000, 0x0020, 0x0020, 0x0020, 0x0841, 0x0861, 0x0861, 
    0x0861, 0x18E3, 0x2945, 0x2104, 0x18E3, 0x5AEB, 0x39C7, 0x2945, 
    0x3186, 0x31A6, 0x3186, 0x3186, 0x3186, 0x31A6, 0x39E7, 0x4208, 
    0x5AEB, 0x4228, 0x4208, 0x4A69, 0x630C, 0x4A49, 0x4A49, 0x6B6D, 
    0x8410, 0x5ACB, 0x3186, 0x2124, 0x2104, 0x2945, 0x2965, 0x4A69, 
    0x6B6D, 0x73AE, 0x8C51, 0x94B2, 0x4A69, 0x31A6, 0x2104, 0x0861, 
    0x0841, 0x1082, 0x10A2, 0x10A2, 0x2104, 0x2104, 0x10A2, 0x0020, 
    0x0000, 0x0000, 0x0000, 0x0000, 0x0861, 0x2104, 0x0000, 0x1082, 
    0x0020, 0x0000, 0x0000, 0x0000, 0x0000, 0x0000, 0x0000, 0x0000, 
    0x0000, 0x0000, 0x0000, 0x0000, 0x0000, 0x0000, 0x0000, 0x0000, 
    0x0020, 0x0841, 0x0020, 0x0020, 0x0000, 0x0000, 0x0000, 0x0000, 
    0x0000, 0x0000, 0x0000, 0x0000, 0x0000, 0x0000, 0x31A6, 0x39C7, 
    0x0841, 0x0000, 0x0000, 0x0000, 0x0000, 0x0000, 0x0841, 0x0000, 
    0x0000, 0x0020, 0x0000, 0x0000, 0x0000, 0x0000, 0x0000, 0x0000, 
    0x0000, 0x0000, 0x39C7, 0x1082, 0x0000, 0x0000, 0x0000, 0x0000, 
    0x0000, 0x2104, 0x0841, 0x0000, 0x0841, 0x0000, 0x2124, 0x2124, 
    0x0000, 0x0020, 0x0020, 0x0020, 0x0020, 0x0841, 0x0861, 0x0861, 
    0x1082, 0x10A2, 0x18E3, 0x2104, 0x2124, 0x31A6, 0x2945, 0x2965, 
    0x31A6, 0x39C7, 0x39E7, 0x31A6, 0x4208, 0x39C7, 0x39C7, 0x4228, 
    0x52AA, 0x4228, 0x5ACB, 0x528A, 0x528A, 0x4A69, 0x4A69, 0x4A69, 
    0x73AE, 0x4A69, 0x2945, 0x2124, 0x2124, 0x2945, 0x31A6, 0x5AEB, 
    0x738E, 0x7BEF, 0x94B2, 0x630C, 0x39E7, 0x3186, 0x0861, 0x2104, 
    0x39C7, 0x0861, 0x0861, 0x10A2, 0x18C3, 0x1082, 0x0861, 0x0861, 
    0x0000, 0x1082, 0x0000, 0x0000, 0x0000, 0x0000, 0x0000, 0x0020, 
    0x0000, 0x0000, 0x0000, 0x0000, 0x0000, 0x0000, 0x0000, 0x0000, 
    0x0000, 0x0000, 0x0000, 0x0000, 0x0000, 0x0000, 0x0000, 0x0000, 
    0x0020, 0x0020, 0x0020, 0x0020, 0x0000, 0x0000, 0x0000, 0x1082, 
    0x0000, 0x0000, 0x0000, 0x0000, 0x0000, 0x0000, 0x0000, 0x0841, 
    0x10A2, 0x31A6, 0x0000, 0x0000, 0x0000, 0x0020, 0x4208, 0x0020, 
    0x0000, 0x2945, 0x2104, 0x0000, 0x0000, 0x0000, 0x0000, 0x0000, 
    0x0000, 0x0000, 0x0000, 0x0000, 0x0000, 0x0000, 0x0000, 0x0000, 
    0x0000, 0x2965, 0x0861, 0x0000, 0x0841, 0x0841, 0x0841, 0x0841, 
    0x0020, 0x0020, 0x0020, 0x0020, 0x0020, 0x0841, 0x0861, 0x0861, 
    0x1082, 0x10A2, 0x18E3, 0x2124, 0x2945, 0x2124, 0x2945, 0x2965, 
    0x31A6, 0x39E7, 0x4208, 0x4A49, 0x738E, 0x4208, 0x39C7, 0x4228, 
    0x4228, 0x4208, 0x4A49, 0x4208, 0x39E7, 0x4208, 0x4228, 0x4A49, 
    0x52AA, 0x4208, 0x2965, 0x2945, 0x2124, 0x2945, 0x39E7, 0x6B4D, 
    0x73AE, 0x8C71, 0x738E, 0x39E7, 0x39C7, 0x18E3, 0x18C3, 0x18E3, 
    0x31A6, 0x1082, 0x1082, 0x0861, 0x0861, 0x0861, 0x0861, 0x0861, 
    0x0000, 0x0020, 0x0000, 0x0000, 0x0000, 0x0000, 0x0000, 0x0000, 
    0x0000, 0x0000, 0x0000, 0x0000, 0x0000, 0x0000, 0x0000, 0x0000, 
    0x0000, 0x0000, 0x0000, 0x0000, 0x0000, 0x0000, 0x0000, 0x0020, 
    0x0020, 0x0020, 0x0020, 0x0020, 0x0000, 0x0000, 0x0020, 0x4A69, 
    0x0841, 0x0000, 0x0000, 0x0000, 0x0000, 0x0000, 0x0000, 0x0020, 
    0x0841, 0x2124, 0x0841, 0x0000, 0x0000, 0x0000, 0x18C3, 0x0020, 
    0x0000, 0x2124, 0x5ACB, 0x0000, 0x0000, 0x0000, 0x0000, 0x0000, 
    0x0000, 0x0000, 0x0000, 0x0000, 0x0000, 0x0000, 0x0000, 0x0000, 
    0x0000, 0x0000, 0x0000, 0x0020, 0x0861, 0x0841, 0x0000, 0x0000, 
    0x0000, 0x0020, 0x0020, 0x0020, 0x0020, 0x0841, 0x0841, 0x1082, 
    0x1082, 0x10A2, 0x2104, 0x2124, 0x2945, 0x2965, 0x2945, 0x4208, 
    0x39E7, 0x3186, 0x39E7, 0x4228, 0x4228, 0x39E7, 0x39C7, 0x39E7, 
    0x4A49, 0x4228, 0x4A49, 0x4228, 0x39E7, 0x39C7, 0x31A6, 0x4A49, 
    0x4A69, 0x39C7, 0x2965, 0x2945, 0x2124, 0x2965, 0x4228, 0x73AE, 
    0x8410, 0x8C51, 0x528A, 0x39E7, 0x4208, 0x528A, 0x18C3, 0x1082, 
    0x0861, 0x0861, 0x1082, 0x1082, 0x1082, 0x0861, 0x0861, 0x0861, 
    0x0000, 0x0000, 0x0000, 0x0000, 0x0000, 0x0000, 0x0000, 0x0000, 
    0x0000, 0x0000, 0x0000, 0x0000, 0x0000, 0x0000, 0x0000, 0x0000, 
    0x0000, 0x0000, 0x0000, 0x0000, 0x0000, 0x0000, 0x0020, 0x0020, 
    0x0020, 0x0020, 0x0020, 0x0020, 0x0020, 0x0020, 0x0000, 0x0000, 
    0x0000, 0x0000, 0x0000, 0x0000, 0x0000, 0x0000, 0x0000, 0x0000, 
    0x0020, 0x0000, 0x0000, 0x0000, 0x0000, 0x0000, 0x0000, 0x0000, 
    0x0000, 0x0841, 0x39E7, 0x0000, 0x0000, 0x0000, 0x0000, 0x0000, 
    0x0000, 0x0000, 0x0000, 0x0000, 0x0000, 0x0000, 0x0000, 0x0000, 
    0x0000, 0x0000, 0x0841, 0x2945, 0x0020, 0x0000, 0x0000, 0x0000, 
    0x0000, 0x0020, 0x0020, 0x0020, 0x0020, 0x0841, 0x0861, 0x0861, 
    0x1082, 0x10A2, 0x18E3, 0x2124, 0x2124, 0x2945, 0x2965, 0x39E7, 
    0x31A6, 0x3186, 0x31A6, 0x3186, 0x39C7, 0x39C7, 0x39C7, 0x39C7, 
    0x4228, 0x4A69, 0x4A49, 0x4A49, 0x39E7, 0x630C, 0x4228, 0x31A6, 
    0x39E7, 0x2965, 0x2965, 0x2945, 0x2124, 0x2124, 0x738E, 0x8C51, 
    0x8C51, 0x6B6D, 0x4228, 0x4208, 0x528A, 0x2124, 0x10A2, 0x10A2, 
    0x18C3, 0x2965, 0x10A2, 0x1082, 0x1082, 0x1082, 0x1082, 0x1082, 
    0x0000, 0x0000, 0x0000, 0x0000, 0x0000, 0x0000, 0x0000, 0x0000, 
    0x0000, 0x0000, 0x0000, 0x0000, 0x0000, 0x0000, 0x0000, 0x0000, 
    0x0000, 0x0000, 0x0000, 0x0000, 0x0000, 0x0000, 0x0000, 0x0861, 
    0x0841, 0x0020, 0x0020, 0x0020, 0x0020, 0x0000, 0x0000, 0x0020, 
    0x0841, 0x0000, 0x0000, 0x0000, 0x0000, 0x0000, 0x0000, 0x0000, 
    0x0000, 0x0000, 0x0000, 0x0000, 0x0020, 0x1082, 0x18E3, 0x18E3, 
    0x0841, 0x0000, 0x0020, 0x0000, 0x0000, 0x0000, 0x0000, 0x0000, 
    0x0000, 0x0000, 0x0000, 0x0000, 0x0000, 0x0000, 0x0000, 0x0000, 
    0x0000, 0x0000, 0x0861, 0x3186, 0x0000, 0x0000, 0x0000, 0x0000, 
    0x0000, 0x0000, 0x0020, 0x0020, 0x0841, 0x0841, 0x0861, 0x1082, 
    0x1082, 0x10A2, 0x18E3, 0x2124, 0x2124, 0x2945, 0x2965, 0x3186, 
    0x39C7, 0x39E7, 0x4208, 0x4228, 0x4208, 0x39C7, 0x39C7, 0x39E7, 
    0x39E7, 0x4228, 0x4A69, 0x4A69, 0x4228, 0x39E7, 0x39C7, 0x3186, 
    0x3186, 0x3186, 0x2965, 0x2965, 0x18E3, 0x632C, 0x9CD3, 0x73AE, 
    0x8C71, 0x5ACB, 0x4228, 0x2965, 0x1082, 0x10A2, 0x18C3, 0x10A2, 
    0x4228, 0x39C7, 0x1082, 0x10A2, 0x1082, 0x1082, 0x1082, 0x1082, 
    0x0000, 0x0000, 0x0000, 0x0000, 0x0000, 0x0000, 0x0000, 0x0000, 
    0x0000, 0x0000, 0x0000, 0x0000, 0x0000, 0x0000, 0x0000, 0x0000, 
    0x0000, 0x0000, 0x0000, 0x0000, 0x0000, 0x0020, 0x18E3, 0x10A2, 
    0x0020, 0x0020, 0x0020, 0x0020, 0x0020, 0x0020, 0x0000, 0x0000, 
    0x0000, 0x0000, 0x0000, 0x0000, 0x0000, 0x0000, 0x0000, 0x0000, 
    0x0000, 0x0000, 0x0000, 0x0000, 0x1082, 0xAD55, 0xEF5D, 0xE73C, 
    0x2945, 0x0000, 0x0000, 0x0000, 0x0000, 0x0000, 0x0000, 0x0000, 
    0x0000, 0x0000, 0x0000, 0x0861, 0x3186, 0x0020, 0x0000, 0x0000, 
    0x0000, 0x0000, 0x0020, 0x0020, 0x0000, 0x0000, 0x0020, 0x0861, 
    0x0000, 0x0020, 0x0020, 0x0020, 0x0020, 0x0841, 0x0861, 0x1082, 
    0x1082, 0x10A2, 0x18C3, 0x2965, 0x52AA, 0x2965, 0x2965, 0x31A6, 
    0x39C7, 0x39E7, 0x4208, 0x4A49, 0x4A69, 0x4A49, 0x4208, 0x39E7, 
    0x39E7, 0x39C7, 0x4A69, 0x528A, 0x4228, 0x31A6, 0x31A6, 0x31A6, 
    0x3186, 0x3186, 0x3186, 0x2124, 0x4A69, 0x7BCF, 0x6B4D, 0x8430, 
    0x94B2, 0x528A, 0x39C7, 0x18E3, 0x18E3, 0x18C3, 0x18C3, 0x18E3, 
    0x18E3, 0x1082, 0x18C3, 0x10A2, 0x10A2, 0x10A2, 0x10A2, 0x10A2, 
    0x0020, 0x0000, 0x0000, 0x0000, 0x0000, 0x0000, 0x0000, 0x0000, 
    0x0000, 0x0000, 0x0000, 0x0000, 0x0000, 0x0000, 0x0000, 0x0000, 
    0x0000, 0x0000, 0x0000, 0x0000, 0x10A2, 0x1082, 0x10A2, 0x0841, 
    0x0020, 0x0020, 0x0020, 0x0020, 0x0020, 0x0020, 0x0020, 0x0000, 
    0x0000, 0x0000, 0x0000, 0x0000, 0x0000, 0x0000, 0x0000, 0x0000, 
    0x0000, 0x0000, 0x0000, 0x0000, 0x0020, 0x2945, 0x5ACB, 0x73AE, 
    0x18E3, 0x0000, 0x0000, 0x0000, 0x0000, 0x0000, 0x0000, 0x0000, 
    0x0000, 0x0000, 0x10A2, 0x18E3, 0x4228, 0x0841, 0x0861, 0x0020, 
    0x0000, 0x0000, 0x0000, 0x0000, 0x0000, 0x0861, 0x18E3, 0x18E3, 
    0x0000, 0x0000, 0x0000, 0x0020, 0x0841, 0x0841, 0x0861, 0x0861, 
    0x1082, 0x10A2, 0x2104, 0x3186, 0x4208, 0x2965, 0x3186, 0x39C7, 
    0x39C7, 0x4228, 0x4A49, 0x4228, 0x528A, 0x52AA, 0x528A, 0x4A49, 
    0x39E7, 0x39E7, 0x4208, 0x528A, 0x4A69, 0x39C7, 0x3186, 0x31A6, 
    0x31A6, 0x3186, 0x2965, 0x2965, 0x39C7, 0x4208, 0x73AE, 0x94B2, 
    0x73AE, 0x4228, 0x31A6, 0x18E3, 0x18E3, 0x18E3, 0x18E3, 0x18E3, 
    0x18C3, 0x18C3, 0x18C3, 0x18E3, 0x10A2, 0x10A2, 0x10A2, 0x10A2, 
    0x0020, 0x0000, 0x0000, 0x0000, 0x0000, 0x0000, 0x0000, 0x0000, 
    0x0000, 0x0000, 0x0000, 0x0000, 0x0000, 0x0000, 0x0000, 0x0000, 
    0x0841, 0x2104, 0x0861, 0x0000, 0x0861, 0x5ACB, 0x18E3, 0x0000, 
    0x0020, 0x0020, 0x0020, 0x0020, 0x0020, 0x0020, 0x0020, 0x0000, 
    0x0000, 0x0000, 0x0000, 0x0000, 0x0000, 0x0000, 0x0000, 0x0000, 
    0x0000, 0x0000, 0x0000, 0x0000, 0x0000, 0x0000, 0x0000, 0x0000, 
    0x0000, 0x0000, 0x0000, 0x0000, 0x0000, 0x0000, 0x0000, 0x0000, 
    0x0000, 0x0000, 0x1082, 0x10A2, 0x0000, 0x2104, 0x4208, 0x0000, 
    0x0000, 0x0000, 0x0000, 0x0000, 0x10A2, 0x2945, 0x2124, 0x18C3, 
    0x0000, 0x0000, 0x0020, 0x0020, 0x0841, 0x0841, 0x0861, 0x1082, 
    0x1082, 0x10A2, 0x18C3, 0x2124, 0x2104, 0x2945, 0x2965, 0x3186, 
    0x39C7, 0x73AE, 0x8C51, 0x528A, 0x4A69, 0x528A, 0x52AA, 0x5ACB, 
    0x52AA, 0x4228, 0x4208, 0x4228, 0x4228, 0x39C7, 0x31A6, 0x31A6, 
    0x31A6, 0x3186, 0x3186, 0x2965, 0x3186, 0x5AEB, 0x7BCF, 0x8410, 
    0x52AA, 0x4208, 0x2965, 0x18E3, 0x18E3, 0x18E3, 0x2945, 0x18E3, 
    0x18E3, 0x10A2, 0x4208, 0x5ACB, 0x18C3, 0x10A2, 0x10A2, 0x10A2, 
    0x0020, 0x0020, 0x0000, 0x0000, 0x0000, 0x0000, 0x0000, 0x0000, 
    0x0000, 0x0000, 0x0000, 0x0000, 0x0000, 0x0000, 0x0000, 0x0000, 
    0x0841, 0x2124, 0x0861, 0x0020, 0x0020, 0x2124, 0x7BCF, 0x18C3, 
    0x0000, 0x0020, 0x0020, 0x0020, 0x0020, 0x0020, 0x0020, 0x0000, 
    0x0000, 0x0000, 0x0000, 0x0000, 0x0000, 0x0000, 0x0000, 0x0020, 
    0x0000, 0x0000, 0x0000, 0x0000, 0x0000, 0x0020, 0x0000, 0x0000, 
    0x0000, 0x0000, 0x0000, 0x0000, 0x0000, 0x0000, 0x0000, 0x0000, 
    0x0000, 0x0000, 0x0000, 0x0000, 0x0000, 0x2945, 0x1082, 0x0000, 
    0x0000, 0x0000, 0x0000, 0x0000, 0x4228, 0x2104, 0x2104, 0x1082, 
    0x0000, 0x0020, 0x0000, 0x0020, 0x0841, 0x0841, 0x0861, 0x0861, 
    0x1082, 0x10A2, 0x18C3, 0x2104, 0x2124, 0x2945, 0x2965, 0x31A6, 
    0x39C7, 0x8C51, 0xAD55, 0x528A, 0x4A69, 0x52AA, 0x528A, 0x52AA, 
    0x6B4D, 0x73AE, 0x4228, 0x39E7, 0x39C7, 0x39C7, 0x31A6, 0x31A6, 
    0x31A6, 0x3186, 0x3186, 0x2965, 0x39C7, 0x630C, 0x7BCF, 0x8410, 
    0x39E7, 0x39E7, 0x2945, 0x18E3, 0x2104, 0x2104, 0x2124, 0x18E3, 
    0x18E3, 0x18C3, 0x4A49, 0x6B4D, 0x2104, 0x2965, 0x10A2, 0x18C3, 
    0x0020, 0x0020, 0x0000, 0x0000, 0x0000, 0x0000, 0x0000, 0x0000, 
    0x0000, 0x0000, 0x0000, 0x0000, 0x0000, 0x0000, 0x0000, 0x0000, 
    0x0000, 0x0020, 0x0000, 0x0000, 0x0020, 0x0000, 0x18C3, 0x39C7, 
    0x0020, 0x0020, 0x0020, 0x0020, 0x0020, 0x0020, 0x0020, 0x0020, 
    0x0000, 0x0000, 0x0000, 0x0000, 0x0000, 0x0000, 0x0000, 0x0020, 
    0x0000, 0x0000, 0x0020, 0x0000, 0x0000, 0x0000, 0x0000, 0x0000, 
    0x0000, 0x0000, 0x0000, 0x0000, 0x0000, 0x0000, 0x0000, 0x0000, 
    0x0000, 0x0000, 0x0000, 0x0000, 0x0000, 0x0000, 0x0000, 0x0000, 
    0x0000, 0x0000, 0x0000, 0x18E3, 0x528A, 0x1082, 0x2965, 0x0020, 
    0x0000, 0x0020, 0x0000, 0x0020, 0x0841, 0x0841, 0x0861, 0x10A2, 
    0x1082, 0x10A2, 0x18C3, 0x18E3, 0x2104, 0x2124, 0x2965, 0x3186, 
    0x31A6, 0x5ACB, 0x630C, 0x4A49, 0x4A49, 0x52AA, 0x5AEB, 0x5AEB, 
    0x6B4D, 0x7BEF, 0x5ACB, 0x39C7, 0x39E7, 0x39E7, 0x39C7, 0x31A6, 
    0x31A6, 0x3186, 0x2965, 0x3186, 0x4228, 0x632C, 0x738E, 0x7BEF, 
    0x31A6, 0x39C7, 0x2945, 0x2104, 0x2104, 0x2104, 0x18E3, 0x2104, 
    0x2104, 0x18E3, 0x2104, 0x2124, 0x2104, 0x2104, 0x18E3, 0x18C3, 
    0x0841, 0x0841, 0x0020, 0x0020, 0x0000, 0x0000, 0x0000, 0x0000, 
    0x0000, 0x0000, 0x0000, 0x0000, 0x0000, 0x0000, 0x0000, 0x0000, 
    0x0000, 0x0000, 0x0000, 0x0000, 0x0000, 0x0020, 0x0000, 0x0020, 
    0x0841, 0x0020, 0x0020, 0x0020, 0x0020, 0x0000, 0x2104, 0x10A2, 
    0x0000, 0x0000, 0x0000, 0x0000, 0x0000, 0x0000, 0x0000, 0x0000, 
    0x0000, 0x0000, 0x1082, 0x2965, 0x0000, 0x0000, 0x0000, 0x0000, 
    0x0000, 0x0020, 0x0000, 0x0000, 0x0000, 0x0000, 0x0000, 0x0000, 
    0x0000, 0x0000, 0x0000, 0x0000, 0x0000, 0x0000, 0x0000, 0x0000, 
    0x0000, 0x0000, 0x0000, 0x4208, 0x31A6, 0x18C3, 0x2965, 0x0000, 
    0x0000, 0x0000, 0x0000, 0x0020, 0x0000, 0x0841, 0x39C7, 0x3186, 
    0x0861, 0x10A2, 0x18C3, 0x18E3, 0x2104, 0x39C7, 0x52AA, 0x738E, 
    0x8410, 0x8410, 0x73AE, 0x632C, 0x5ACB, 0x528A, 0x5ACB, 0x6B4D, 
    0x738E, 0x738E, 0x738E, 0x4228, 0x31A6, 0x39C7, 0x39C7, 0x31A6, 
    0x31A6, 0x3186, 0x2965, 0x39C7, 0x738E, 0x738E, 0x6B4D, 0x6B6D, 
    0x2945, 0x39C7, 0x2945, 0x2124, 0x2104, 0x2104, 0x2104, 0x2104, 
    0x2104, 0x2104, 0x2104, 0x2104, 0x18E3, 0x18E3, 0x18C3, 0x18E3, 
    0x0841, 0x0841, 0x0841, 0x0841, 0x0000, 0x0000, 0x0000, 0x0000, 
    0x0000, 0x0000, 0x0000, 0x0000, 0x0000, 0x0000, 0x0000, 0x0000, 
    0x0000, 0x0000, 0x0000, 0x0000, 0x0000, 0x0000, 0x0020, 0x0020, 
    0x0020, 0x0020, 0x0020, 0x0020, 0x0841, 0x0000, 0x18E3, 0x2965, 
    0x0000, 0x0020, 0x0000, 0x0000, 0x0000, 0x0000, 0x0000, 0x0000, 
    0x0000, 0x0000, 0x0020, 0x2945, 0x0000, 0x0000, 0x0000, 0x0000, 
    0x0000, 0x0000, 0x0000, 0x0000, 0x0000, 0x0000, 0x0000, 0x0000, 
    0x0000, 0x0000, 0x0000, 0x0000, 0x0000, 0x0000, 0x0000, 0x0000, 
    0x0000, 0x0000, 0x0841, 0x5AEB, 0x18E3, 0x2124, 0x2104, 0x0000, 
    0x0000, 0x0000, 0x0000, 0x0861, 0x2965, 0x0841, 0x2104, 0x1082, 
    0x1082, 0x10A2, 0x18C3, 0x2104, 0x2104, 0x4A69, 0x9CF3, 0xDEDB, 
    0xF79E, 0xFFFF, 0xFFFF, 0xDEDB, 0x9492, 0x7BCF, 0x630C, 0x5AEB, 
    0x73AE, 0x7BEF, 0x7BCF, 0x6B6D, 0x4228, 0x39C7, 0x31A6, 0x31A6, 
    0x3186, 0x3186, 0x2965, 0x5AEB, 0x94B2, 0x4228, 0x94B2, 0x9CF3, 
    0x3186, 0x52AA, 0x4208, 0x2104, 0x2124, 0x2124, 0x2124, 0x2104, 
    0x2104, 0x2104, 0x2104, 0x2124, 0x2104, 0x2104, 0x18E3, 0x18E3, 
    0x0020, 0x0841, 0x0841, 0x0841, 0x0020, 0x0000, 0x0000, 0x0000, 
    0x0000, 0x0000, 0x0000, 0x0000, 0x0000, 0x0000, 0x0000, 0x0000, 
    0x0000, 0x0000, 0x0000, 0x0000, 0x0020, 0x0020, 0x0000, 0x0020, 
    0x0020, 0x0020, 0x0841, 0x0020, 0x0020, 0x0841, 0x0020, 0x0020, 
    0x0020, 0x0020, 0x0000, 0x0000, 0x0000, 0x0000, 0x0000, 0x0000, 
    0x0000, 0x0000, 0x0000, 0x0000, 0x0000, 0x0000, 0x0000, 0x0000, 
    0x0000, 0x0000, 0x0000, 0x0000, 0x0000, 0x0000, 0x0000, 0x0000, 
    0x0000, 0x0000, 0x0000, 0x0000, 0x0000, 0x0000, 0x0000, 0x0000, 
    0x0000, 0x0000, 0x2104, 0x4A69, 0x0861, 0x3186, 0x1082, 0x0000, 
    0x0000, 0x0020, 0x0000, 0x18C3, 0x3186, 0x0020, 0x0841, 0x0861, 
    0x1082, 0x10A2, 0x10A2, 0x18E3, 0x18E3, 0x39E7, 0xAD55, 0xFFDF, 
    0xFFDF, 0xF7BE, 0xEF7D, 0xFFFF, 0xF79E, 0xE71C, 0xBDF7, 0x8410, 
    0x630C, 0x8C51, 0x8C51, 0x73AE, 0x52AA, 0x3186, 0x39C7, 0x3186, 
    0x4228, 0x3186, 0x39E7, 0x7BEF, 0x52AA, 0x3186, 0xE71C, 0xCE59, 
    0x4A49, 0x4208, 0x2945, 0x2124, 0x2945, 0x2124, 0x2124, 0x2124, 
    0x2124, 0x2124, 0x2124, 0x2104, 0x2124, 0x2104, 0x2104, 0x2104, 
    0x0020, 0x1082, 0x0841, 0x0841, 0x0841, 0x0020, 0x0000, 0x0000, 
    0x0000, 0x0000, 0x0000, 0x0000, 0x0000, 0x0000, 0x0000, 0x0000, 
    0x0000, 0x0000, 0x0000, 0x0000, 0x0000, 0x0020, 0x0000, 0x0020, 
    0x0020, 0x0841, 0x0861, 0x0841, 0x0020, 0x0020, 0x0020, 0x0020, 
    0x0020, 0x0020, 0x0000, 0x0000, 0x0000, 0x0000, 0x0000, 0x0000, 
    0x0000, 0x0000, 0x0020, 0x0000, 0x0000, 0x0000, 0x0000, 0x0000, 
    0x0000, 0x0000, 0x0000, 0x0000, 0x0000, 0x0000, 0x0000, 0x0000, 
    0x0000, 0x0000, 0x0000, 0x0000, 0x0000, 0x0000, 0x0000, 0x0000, 
    0x0000, 0x0000, 0x31A6, 0x39C7, 0x31A6, 0x2124, 0x0020, 0x0000, 
    0x0000, 0x0000, 0x0000, 0x0020, 0x0020, 0x0841, 0x0861, 0x0861, 
    0x1082, 0x1082, 0x10A2, 0x18E3, 0x18E3, 0x39C7, 0x9CD3, 0xFFDF, 
    0xFFFF, 0xEF7D, 0xEF5D, 0xF79E, 0xFFDF, 0xE71C, 0xFFFF, 0xE71C, 
    0x7BEF, 0x6B4D, 0x8C51, 0x7BCF, 0x630C, 0x39C7, 0x3186, 0x31A6, 
    0x4228, 0x39C7, 0x630C, 0x52AA, 0x2124, 0x4208, 0xAD55, 0x7BEF, 
    0x39E7, 0x31A6, 0x2124, 0x2945, 0x2124, 0x2124, 0x2945, 0x2124, 
    0x2945, 0x2124, 0x2124, 0x2124, 0x2124, 0x2124, 0x2124, 0x2104, 
    0x0020, 0x0861, 0x0841, 0x0861, 0x0841, 0x0841, 0x0000, 0x0000, 
    0x0841, 0x0020, 0x0000, 0x0000, 0x0000, 0x0000, 0x0000, 0x0000, 
    0x0000, 0x0000, 0x0000, 0x0000, 0x0000, 0x0000, 0x0020, 0x0020, 
    0x0020, 0x0841, 0x0020, 0x0020, 0x0020, 0x0020, 0x0020, 0x0020, 
    0x0020, 0x0020, 0x0020, 0x0000, 0x0000, 0x0000, 0x0000, 0x0000, 
    0x0000, 0x0000, 0x0861, 0x6B6D, 0x4A69, 0x0841, 0x0000, 0x0000, 
    0x0000, 0x0000, 0x0000, 0x0000, 0x0000, 0x0000, 0x0000, 0x0000, 
    0x0000, 0x0000, 0x0000, 0x0000, 0x0000, 0x0000, 0x0000, 0x0000, 
    0x0000, 0x1082, 0x5AEB, 0x31A6, 0x2945, 0x0000, 0x0000, 0x0000, 
    0x0000, 0x0000, 0x0000, 0x0020, 0x0020, 0x0841, 0x0841, 0x0861, 
    0x1082, 0x1082, 0x10A2, 0x18C3, 0x18E3, 0x2945, 0x7BCF, 0xE71C, 
    0xFFFF, 0xEF5D, 0xFFDF, 0xF7BE, 0xFFDF, 0xF79E, 0xFFDF, 0xF79E, 
    0xE71C, 0x7BEF, 0x6B6D, 0x7BCF, 0x5AEB, 0x39E7, 0x3186, 0x3186, 
    0x2945, 0x39C7, 0x3186, 0x2124, 0x2124, 0x52AA, 0x5ACB, 0x2124, 
    0x31A6, 0x3186, 0x2124, 0x2945, 0x2945, 0x2945, 0x2124, 0x2124, 
    0x2945, 0x2945, 0x2945, 0x2945, 0x2945, 0x2945, 0x2124, 0x2124, 
    0x0000, 0x0020, 0x0841, 0x0861, 0x0861, 0x0841, 0x0020, 0x0000, 
    0x0861, 0x0000, 0x0000, 0x0000, 0x0000, 0x0000, 0x0000, 0x0000, 
    0x0000, 0x0000, 0x0000, 0x0000, 0x0000, 0x0000, 0x0020, 0x0020, 
    0x0020, 0x0020, 0x0020, 0x0020, 0x0020, 0x0020, 0x0020, 0x0020, 
    0x0020, 0x0020, 0x0020, 0x0000, 0x0000, 0x0000, 0x0000, 0x0000, 
    0x0000, 0x0000, 0x0000, 0x3186, 0x4228, 0x4228, 0x0000, 0x0000, 
    0x0000, 0x0000, 0x0000, 0x0000, 0x0000, 0x0000, 0x0000, 0x0000, 
    0x0000, 0x0000, 0x0000, 0x0000, 0x0000, 0x0000, 0x0000, 0x0000, 
    0x0000, 0x1082, 0x4A49, 0x10A2, 0x0000, 0x0000, 0x0000, 0x0000, 
    0x0000, 0x0000, 0x0000, 0x0020, 0x0020, 0x0020, 0x0841, 0x0861, 
    0x1082, 0x10A2, 0x10A2, 0x18C3, 0x18E3, 0x4208, 0x5ACB, 0xBDD7, 
    0xEF5D, 0xEF5D, 0xEF5D, 0xEF7D, 0xF7BE, 0xF7BE, 0xFFDF, 0xF79E, 
    0xFFFF, 0xDEFB, 0x6B4D, 0x632C, 0x52AA, 0x31A6, 0x3186, 0x3186, 
    0x2965, 0x2945, 0x2945, 0x2945, 0x2945, 0x5AEB, 0x4A49, 0x2104, 
    0x2965, 0x2945, 0x2124, 0x2945, 0x2945, 0x2945, 0x2945, 0x2945, 
    0x2945, 0x2965, 0x2965, 0x2945, 0x2945, 0x2945, 0x2945, 0x2945, 
    0x0000, 0x0020, 0x0841, 0x0841, 0x0841, 0x0841, 0x0020, 0x0020, 
    0x0000, 0x2965, 0x2104, 0x0000, 0x0000, 0x0000, 0x0000, 0x0000, 
    0x0000, 0x0000, 0x0841, 0x0000, 0x0000, 0x0000, 0x0000, 0x0000, 
    0x0841, 0x0841, 0x0841, 0x0841, 0x0841, 0x0841, 0x0841, 0x0020, 
    0x0020, 0x0020, 0x0020, 0x0020, 0x0000, 0x0000, 0x0000, 0x0000, 
    0x0000, 0x0000, 0x0000, 0x0000, 0x0000, 0x3186, 0x18E3, 0x0000, 
    0x0841, 0x2124, 0x0000, 0x0000, 0x0000, 0x0000, 0x0000, 0x0000, 
    0x0000, 0x0000, 0x0000, 0x0000, 0x0000, 0x0000, 0x0000, 0x0000, 
    0x0000, 0x0020, 0x0020, 0x0000, 0x0000, 0x0000, 0x0000, 0x0000, 
    0x0000, 0x0000, 0x0000, 0x0000, 0x0020, 0x0020, 0x0841, 0x0841, 
    0x0861, 0x1082, 0x1082, 0x18C3, 0x18C3, 0x2945, 0x3186, 0x738E, 
    0xBDD7, 0xFFFF, 0xE71C, 0xFFDF, 0xEF5D, 0xF7BE, 0xF7BE, 0xF7BE, 
    0xFFDF, 0xFFFF, 0xAD55, 0x4A49, 0x4208, 0x3186, 0x3186, 0x2965, 
    0x2965, 0x2965, 0x2965, 0x2124, 0x2965, 0x4208, 0x39C7, 0x2965, 
    0x2124, 0x2124, 0x2945, 0x2945, 0x2945, 0x2965, 0x2965, 0x2965, 
    0x2965, 0x3186, 0x3186, 0x2965, 0x2965, 0x2965, 0x2945, 0x2945, 
    0x0000, 0x0020, 0x0020, 0x0841, 0x0861, 0x1082, 0x0841, 0x0020, 
    0x0000, 0x18C3, 0x2965, 0x0000, 0x0000, 0x0000, 0x0000, 0x0000, 
    0x0000, 0x0000, 0x3186, 0x31A6, 0x0000, 0x18C3, 0x5ACB, 0x528A, 
    0x528A, 0x4208, 0x2945, 0x18E3, 0x1082, 0x0020, 0x0020, 0x0020, 
    0x0000, 0x0020, 0x0020, 0x0020, 0x0000, 0x0000, 0x0000, 0x0000, 
    0x0000, 0x0000, 0x0000, 0x0000, 0x0000, 0x0000, 0x0861, 0x0000, 
    0x0020, 0x0841, 0x0000, 0x0000, 0x0000, 0x0000, 0x0000, 0x0000, 
    0x0000, 0x0000, 0x0000, 0x0000, 0x0000, 0x0000, 0x0000, 0x0000, 
    0x0000, 0x0000, 0x0000, 0x0000, 0x0000, 0x0000, 0x0000, 0x0000, 
    0x0000, 0x0000, 0x0000, 0x0000, 0x0020, 0x0020, 0x0841, 0x0841, 
    0x0861, 0x1082, 0x1082, 0x10A2, 0x18C3, 0x18E3, 0x2124, 0x31A6, 
    0x8C51, 0xE71C, 0xFFFF, 0xFFFF, 0xEF7D, 0xDEDB, 0xF7BE, 0xF79E, 
    0xFFFF, 0xFFFF, 0xF7BE, 0x630C, 0x31A6, 0x3186, 0x2965, 0x2965, 
    0x2945, 0x2945, 0x2945, 0x2945, 0x2965, 0x4208, 0x39C7, 0x2945, 
    0x2945, 0x2945, 0x2945, 0x2945, 0x2965, 0x2965, 0x2965, 0x3186, 
    0x2965, 0x3186, 0x4A49, 0x39E7, 0x2965, 0x2965, 0x2945, 0x2945, 
    0x0000, 0x0000, 0x0000, 0x0020, 0x0841, 0x0000, 0x0020, 0x0841, 
    0x0020, 0x0000, 0x0000, 0x0000, 0x0000, 0x0000, 0x0000, 0x0000, 
    0x0020, 0x0841, 0x0020, 0x0861, 0x18E3, 0x8C71, 0xAD75, 0xD69A, 
    0xFFFF, 0xFFDF, 0xF79E, 0xDEFB, 0xC638, 0xA514, 0x5ACB, 0x18C3, 
    0x0861, 0x0020, 0x0020, 0x0020, 0x0000, 0x0000, 0x0000, 0x0000, 
    0x0000, 0x0000, 0x0000, 0x0000, 0x0000, 0x0000, 0x0000, 0x0000, 
    0x0020, 0x0000, 0x0000, 0x0000, 0x0000, 0x0000, 0x0020, 0x0841, 
    0x0000, 0x0000, 0x0000, 0x0000, 0x0000, 0x0000, 0x0000, 0x0000, 
    0x0000, 0x0020, 0x0000, 0x0000, 0x0000, 0x0000, 0x0000, 0x0000, 
    0x0000, 0x0841, 0x0000, 0x0000, 0x0000, 0x0020, 0x0020, 0x0841, 
    0x0841, 0x0861, 0x1082, 0x1082, 0x10A2, 0x18E3, 0x2104, 0x2124, 
    0x4208, 0x9CD3, 0xCE79, 0xFFDF, 0xFFFF, 0xFFFF, 0xF7BE, 0xE73C, 
    0xEF7D, 0xFFFF, 0xFFFF, 0x8C51, 0x2965, 0x31A6, 0x2965, 0x2945, 
    0x2945, 0x2945, 0x2945, 0x2124, 0x3186, 0x4A69, 0x39E7, 0x2945, 
    0x2124, 0x2945, 0x2945, 0x2965, 0x2965, 0x2965, 0x3186, 0x3186, 
    0x3186, 0x31A6, 0x4208, 0x39C7, 0x3186, 0x2965, 0x2965, 0x2965, 
    0x0000, 0x0000, 0x0000, 0x0000, 0x18E3, 0x73AE, 0x39E7, 0x0020, 
    0x0841, 0x0841, 0x0000, 0x0000, 0x0000, 0x0000, 0x0000, 0x0000, 
    0x0000, 0x31A6, 0x2104, 0x10A2, 0x8C51, 0xAD55, 0xAD55, 0xF79E, 
    0xFFFF, 0xFFFF, 0xFFFF, 0xFFDF, 0xFFDF, 0xFFFF, 0xFFFF, 0x9CD3, 
    0x18E3, 0x0020, 0x0841, 0x0000, 0x0020, 0x0000, 0x0000, 0x0000, 
    0x0000, 0x0000, 0x0000, 0x0000, 0x0000, 0x0000, 0x0000, 0x0841, 
    0x39E7, 0x0020, 0x0000, 0x0000, 0x0000, 0x0000, 0x1082, 0x2124, 
    0x0000, 0x0000, 0x0000, 0x0000, 0x0000, 0x0000, 0x0000, 0x0000, 
    0x0000, 0x0000, 0x0000, 0x0000, 0x0000, 0x0000, 0x0000, 0x0000, 
    0x0000, 0x0841, 0x0000, 0x0000, 0x0000, 0x0020, 0x0020, 0x0841, 
    0x0841, 0x0861, 0x0861, 0x1082, 0x10A2, 0x10A2, 0x18E3, 0x2104, 
    0x2945, 0x4A49, 0x7BCF, 0x8430, 0xAD55, 0xD69A, 0xE71C, 0xD6BA, 
    0xE71C, 0xFFFF, 0xFFFF, 0x632C, 0x3186, 0x39C7, 0x2945, 0x2945, 
    0x2124, 0x2124, 0x2124, 0x2124, 0x31A6, 0x52AA, 0x39C7, 0x2124, 
    0x2124, 0x2945, 0x2945, 0x2965, 0x2965, 0x2965, 0x3186, 0x3186, 
    0x3186, 0x31A6, 0x31A6, 0x31A6, 0x31A6, 0x3186, 0x3186, 0x2965, 
    0x0000, 0x0000, 0x0000, 0x0000, 0x18E3, 0xA514, 0x5ACB, 0x0841, 
    0x528A, 0x18C3, 0x0000, 0x0000, 0x0000, 0x0000, 0x0000, 0x0000, 
    0x0020, 0x0000, 0x39C7, 0x6B6D, 0x9CD3, 0xA534, 0xDEDB, 0xFFFF, 
    0xFFFF, 0xFFFF, 0xFFFF, 0xD6BA, 0xC638, 0xCE79, 0xD6BA, 0xF79E, 
    0x8C71, 0x1082, 0x2945, 0x18E3, 0x0020, 0x0020, 0x0000, 0x0000, 
    0x0000, 0x0000, 0x0000, 0x0000, 0x0000, 0x0000, 0x0000, 0x31A6, 
    0x39C7, 0x0000, 0x0000, 0x0000, 0x0000, 0x0000, 0x0020, 0x0000, 
    0x0000, 0x0000, 0x0000, 0x0000, 0x0000, 0x0000, 0x0000, 0x0000, 
    0x0000, 0x0000, 0x0000, 0x0000, 0x0000, 0x0000, 0x0000, 0x0000, 
    0x0000, 0x0000, 0x0000, 0x0000, 0x0000, 0x0000, 0x0020, 0x0841, 
    0x0841, 0x0861, 0x0861, 0x1082, 0x10A2, 0x10A2, 0x18C3, 0x18E3, 
    0x2104, 0x2124, 0x39C7, 0x52AA, 0x6B6D, 0x73AE, 0x7BCF, 0x7BCF, 
    0x7BEF, 0x8410, 0x8C51, 0x39E7, 0x2945, 0x2965, 0x2124, 0x3186, 
    0x31A6, 0x2945, 0x2124, 0x2124, 0x39E7, 0x5AEB, 0x31A6, 0x2124, 
    0x2124, 0x2945, 0x2945, 0x2965, 0x2965, 0x3186, 0x3186, 0x3186, 
    0x31A6, 0x31A6, 0x4228, 0x4228, 0x31A6, 0x31A6, 0x3186, 0x4228, 
    0x0000, 0x0000, 0x0000, 0x0000, 0x0020, 0x0000, 0x0020, 0x18E3, 
    0x2104, 0x0000, 0x0000, 0x0841, 0x0000, 0x0000, 0x0000, 0x0000, 
    0x0000, 0x2104, 0x6B6D, 0x8C51, 0x94B2, 0xB5B6, 0xFFFF, 0xFFFF, 
    0xFFFF, 0xF79E, 0xDEDB, 0xD6BA, 0xAD55, 0x7BEF, 0x39E7, 0x3186, 
    0x7BEF, 0x4208, 0x1082, 0x2104, 0x0020, 0x0020, 0x0000, 0x0000, 
    0x0000, 0x0000, 0x0000, 0x0000, 0x0000, 0x0000, 0x0000, 0x0861, 
    0x0000, 0x0841, 0x0841, 0x0000, 0x0000, 0x0000, 0x0000, 0x0000, 
    0x0000, 0x0000, 0x0000, 0x0000, 0x0000, 0x0000, 0x0000, 0x0000, 
    0x0000, 0x0020, 0x0020, 0x0000, 0x0000, 0x0000, 0x0000, 0x0000, 
    0x0000, 0x0000, 0x0000, 0x0000, 0x0000, 0x0000, 0x0020, 0x0020, 
    0x0841, 0x0841, 0x0861, 0x0861, 0x1082, 0x1082, 0x10A2, 0x18C3, 
    0x18E3, 0x2124, 0x31A6, 0x5AEB, 0x8C51, 0xAD75, 0xB5B6, 0x9492, 
    0x738E, 0x52AA, 0x3186, 0x2945, 0x2945, 0x2945, 0x2124, 0x2124, 
    0x2965, 0x3186, 0x2104, 0x2104, 0x3186, 0x528A, 0x31A6, 0x2124, 
    0x2124, 0x2945, 0x2945, 0x2965, 0x2965, 0x3186, 0x31A6, 0x31A6, 
    0x39E7, 0x39C7, 0x39C7, 0x39C7, 0x39C7, 0x39C7, 0x4A49, 0x6B4D, 
    0x0000, 0x0000, 0x0000, 0x0000, 0x0000, 0x0841, 0x0020, 0x0841, 
    0x0841, 0x0020, 0x0841, 0x39C7, 0x0000, 0x0000, 0x0000, 0x0000, 
    0x18E3, 0x632C, 0x738E, 0x8430, 0x9CD3, 0xDEDB, 0xFFFF, 0xFFFF, 
    0xCE79, 0x5AEB, 0x4A49, 0x4208, 0x4A49, 0x632C, 0x8C71, 0x8C71, 
    0x5AEB, 0x39E7, 0x18E3, 0x0841, 0x0841, 0x0020, 0x0000, 0x0000, 
    0x0000, 0x0000, 0x0000, 0x0000, 0x1082, 0x0020, 0x0000, 0x0000, 
    0x0000, 0x0020, 0x4228, 0x1082, 0x0000, 0x0000, 0x0000, 0x0000, 
    0x0000, 0x0000, 0x0000, 0x0000, 0x0000, 0x0000, 0x0000, 0x0861, 
    0x0841, 0x0841, 0x18C3, 0x0000, 0x0000, 0x0000, 0x0000, 0x0000, 
    0x0000, 0x0000, 0x0000, 0x0000, 0x0020, 0x0000, 0x0000, 0x0020, 
    0x0020, 0x0841, 0x0841, 0x0841, 0x0861, 0x1082, 0x10A2, 0x10A2, 
    0x18C3, 0x2104, 0x2965, 0x4A49, 0x73AE, 0x9CD3, 0xB5B6, 0x7BCF, 
    0x2945, 0x2965, 0x2124, 0x2104, 0x2124, 0x2104, 0x2104, 0x2124, 
    0x52AA, 0x2965, 0x18E3, 0x2945, 0x4A49, 0x52AA, 0x39C7, 0x2104, 
    0x2124, 0x2945, 0x2945, 0x2965, 0x2965, 0x3186, 0x3186, 0x31A6, 
    0x39E7, 0x4208, 0x4208, 0x4228, 0x4208, 0x39C7, 0x39C7, 0x2965, 
    0x0000, 0x0000, 0x0000, 0x0000, 0x0000, 0x0841, 0x0841, 0x0841, 
    0x0841, 0x0841, 0x0841, 0x0841, 0x0000, 0x0000, 0x0000, 0x1082, 
    0x5AEB, 0x6B6D, 0x73AE, 0x8410, 0x9CD3, 0xFFFF, 0xF79E, 0x94B2, 
    0x4A69, 0x528A, 0x8430, 0xBDF7, 0xEF7D, 0xFFFF, 0xFFFF, 0xFFFF, 
    0xFFFF, 0xF79E, 0xBDF7, 0x630C, 0x18C3, 0x0841, 0x0020, 0x0000, 
    0x0000, 0x0000, 0x0861, 0x18E3, 0x39C7, 0x0861, 0x0000, 0x0000, 
    0x0000, 0x0000, 0x1082, 0x18C3, 0x10A2, 0x0000, 0x0000, 0x0000, 
    0x0000, 0x0000, 0x0000, 0x0000, 0x0000, 0x0000, 0x0000, 0x10A2, 
    0x1082, 0x0000, 0x0000, 0x0000, 0x0000, 0x0000, 0x0000, 0x0000, 
    0x0000, 0x0000, 0x0000, 0x0000, 0x0000, 0x10A2, 0x10A2, 0x0000, 
    0x0020, 0x0841, 0x0841, 0x0841, 0x0861, 0x0861, 0x1082, 0x1082, 
    0x10A2, 0x18E3, 0x2124, 0x2965, 0x630C, 0x8C51, 0xA514, 0x94B2, 
    0x4A49, 0x2104, 0x2104, 0x2104, 0x18E3, 0x2104, 0x18E3, 0x2104, 
    0x2104, 0x10A2, 0x2124, 0x3186, 0x2124, 0x2124, 0x31A6, 0x2945, 
    0x2124, 0x2945, 0x2945, 0x2965, 0x2965, 0x3186, 0x39E7, 0x4A49, 
    0x4A49, 0x52AA, 0x5ACB, 0x5ACB, 0x630C, 0x52AA, 0x4208, 0x31A6, 
    0x0000, 0x0000, 0x0000, 0x0000, 0x0000, 0x0000, 0x0020, 0x0020, 
    0x0020, 0x0020, 0x0020, 0x0000, 0x0000, 0x0000, 0x0841, 0x5ACB, 
    0x6B6D, 0x6B4D, 0x738E, 0x6B6D, 0xCE79, 0xDEDB, 0x52AA, 0x4208, 
    0x9CD3, 0xEF5D, 0xFFFF, 0xFFFF, 0xFFFF, 0xFFFF, 0xFFFF, 0xFFFF, 
    0xFFFF, 0xFFFF, 0xFFFF, 0xFFFF, 0xBDF7, 0x4208, 0x0020, 0x0020, 
    0x0000, 0x0000, 0x18C3, 0x4228, 0x4A49, 0x10A2, 0x0000, 0x0000, 
    0x0000, 0x0000, 0x0000, 0x0000, 0x1082, 0x0861, 0x0000, 0x0000, 
    0x0000, 0x0000, 0x0000, 0x0000, 0x0000, 0x0000, 0x0000, 0x1082, 
    0x0861, 0x0000, 0x0000, 0x0000, 0x0000, 0x0000, 0x0000, 0x0000, 
    0x0000, 0x0000, 0x0000, 0x0000, 0x0000, 0x31A6, 0x31A6, 0x0000, 
    0x0020, 0x0841, 0x0020, 0x0841, 0x0861, 0x0861, 0x0861, 0x1082, 
    0x1082, 0x10A2, 0x2124, 0x2124, 0x4208, 0x7BCF, 0x8C71, 0x9492, 
    0x5AEB, 0x18C3, 0x18E3, 0x18E3, 0x18C3, 0x18C3, 0x18E3, 0x18C3, 
    0x18C3, 0x2124, 0x2124, 0x2104, 0x2945, 0x18E3, 0x2945, 0x3186, 
    0x2104, 0x2124, 0x2945, 0x2945, 0x3186, 0x4A49, 0x4208, 0x4228, 
    0x5ACB, 0x630C, 0x632C, 0x5ACB, 0x52AA, 0x52AA, 0x630C, 0x5ACB, 
    0x0000, 0x0000, 0x0000, 0x0000, 0x0000, 0x0000, 0x0000, 0x0020, 
    0x0020, 0x0020, 0x0020, 0x0000, 0x0000, 0x0000, 0x4228, 0x738E, 
    0x6B4D, 0x6B6D, 0x6B6D, 0x8C51, 0x9CD3, 0x39C7, 0x630C, 0xD6BA, 
    0xFFFF, 0xFFFF, 0xFFFF, 0xFFFF, 0xFFFF, 0xFFFF, 0xFFFF, 0xFFFF, 
    0xFFFF, 0xFFFF, 0xFFFF, 0xFFFF, 0xFFFF, 0xF79E, 0x630C, 0x0020, 
    0x0020, 0x0000, 0x0020, 0x0000, 0x0000, 0x0000, 0x0000, 0x0000, 
    0x0000, 0x0000, 0x0000, 0x0000, 0x0000, 0x0841, 0x0020, 0x0000, 
    0x0000, 0x0000, 0x0000, 0x0000, 0x0000, 0x0000, 0x0000, 0x0020, 
    0x0020, 0x0000, 0x18E3, 0x0000, 0x0000, 0x0000, 0x0000, 0x0000, 
    0x0000, 0x0000, 0x0000, 0x0000, 0x0000, 0x0020, 0x0020, 0x0020, 
    0x0841, 0x0020, 0x0020, 0x0841, 0x0841, 0x0861, 0x0861, 0x0861, 
    0x1082, 0x1082, 0x18E3, 0x2124, 0x2945, 0x630C, 0x7BCF, 0x738E, 
    0x2945, 0x10A2, 0x18E3, 0x10A2, 0x2965, 0x39C7, 0x10A2, 0x18C3, 
    0x18C3, 0x2965, 0x2945, 0x8410, 0x7BCF, 0x39E7, 0x2104, 0x2965, 
    0x2104, 0x2124, 0x2945, 0x2945, 0x39E7, 0x39E7, 0x630C, 0xB5B6, 
    0xDEFB, 0xEF7D, 0xEF7D, 0xD69A, 0xBDF7, 0x9CF3, 0x738E, 0x52AA, 
    0x0000, 0x0000, 0x0000, 0x0000, 0x0000, 0x0000, 0x0000, 0x0000, 
    0x0020, 0x0020, 0x0841, 0x0020, 0x0000, 0x2945, 0x6B6D, 0x6B4D, 
    0x6B4D, 0x6B4D, 0x738E, 0x5AEB, 0x2124, 0x632C, 0xF7BE, 0xFFFF, 
    0xFFFF, 0xFFFF, 0xFFFF, 0xFFFF, 0xFFFF, 0xFFFF, 0xFFFF, 0xFFFF, 
    0xFFFF, 0xFFFF, 0xFFFF, 0xFFFF, 0xFFFF, 0xFFFF, 0xF7BE, 0x4228, 
    0x0000, 0x0020, 0x0020, 0x0000, 0x0000, 0x0000, 0x0000, 0x0000, 
    0x0000, 0x0000, 0x0000, 0x0000, 0x0000, 0x0000, 0x0000, 0x0000, 
    0x0000, 0x0000, 0x0000, 0x0000, 0x0000, 0x0000, 0x0000, 0x0000, 
    0x0000, 0x0020, 0x2945, 0x0020, 0x0000, 0x0000, 0x0000, 0x0000, 
    0x0000, 0x0000, 0x0000, 0x0000, 0x0020, 0x1082, 0x0000, 0x0000, 
    0x10A2, 0x0000, 0x0020, 0x0841, 0x0020, 0x0841, 0x0841, 0x0861, 
    0x0861, 0x1082, 0x10A2, 0x2104, 0x2124, 0x3186, 0x6B6D, 0x528A, 
    0x1082, 0x10A2, 0x10A2, 0x10A2, 0x2104, 0x18E3, 0x10A2, 0x10A2, 
    0x18C3, 0x4228, 0x6B4D, 0xAD75, 0xA534, 0x4A69, 0x18C3, 0x2104, 
    0x2104, 0x2124, 0x2945, 0x2965, 0x3186, 0x4208, 0xEF5D, 0xFFFF, 
    0xFFFF, 0xFFDF, 0xFFFF, 0xFFFF, 0xFFFF, 0xFFFF, 0xDEDB, 0x9CF3, 
    0x0000, 0x0000, 0x0000, 0x0000, 0x0000, 0x0000, 0x0000, 0x0000, 
    0x0000, 0x0000, 0x0020, 0x0020, 0x0000, 0x528A, 0x738E, 0x6B6D, 
    0x73AE, 0x738E, 0x630C, 0x2124, 0x5AEB, 0xF7BE, 0xFFFF, 0xFFFF, 
    0xFFFF, 0xFFFF, 0xFFFF, 0xFFFF, 0xFFFF, 0xFFFF, 0xFFFF, 0xFFFF, 
    0xFFFF, 0xFFFF, 0xFFFF, 0xFFFF, 0xFFFF, 0xFFFF, 0xFFFF, 0xCE79, 
    0x10A2, 0x0020, 0x0000, 0x0000, 0x0000, 0x0000, 0x0020, 0x10A2, 
    0x0000, 0x0000, 0x0000, 0x0000, 0x0000, 0x0000, 0x0000, 0x0000, 
    0x0000, 0x0000, 0x0000, 0x0000, 0x0000, 0x0000, 0x0000, 0x0861, 
    0x0020, 0x0000, 0x0000, 0x0000, 0x0000, 0x0000, 0x0000, 0x0000, 
    0x0000, 0x0000, 0x0000, 0x0000, 0x0841, 0x2945, 0x0000, 0x0000, 
    0x0000, 0x0000, 0x0020, 0x0020, 0x0020, 0x0841, 0x0841, 0x0841, 
    0x0861, 0x0861, 0x0861, 0x10A2, 0x2945, 0x528A, 0x4A69, 0x18C3, 
    0x1082, 0x1082, 0x10A2, 0x10A2, 0x1082, 0x0861, 0x10A2, 0x1082, 
    0x2104, 0x2104, 0x8C71, 0xE71C, 0xC638, 0x4A69, 0x2945, 0x52AA, 
    0x2945, 0x2104, 0x2124, 0x3186, 0x528A, 0x94B2, 0xFFFF, 0xFFFF, 
    0xFFDF, 0xEF7D, 0xF79E, 0xF7BE, 0xFFDF, 0xF79E, 0xF79E, 0xFFFF, 
    0x0000, 0x0000, 0x0000, 0x0000, 0x0000, 0x0000, 0x0000, 0x0000, 
    0x0000, 0x0000, 0x0020, 0x0000, 0x2124, 0x738E, 0x6B4D, 0x8C71, 
    0xBDD7, 0x8C71, 0x18E3, 0x4228, 0xEF7D, 0xFFFF, 0xFFFF, 0xFFFF, 
    0xFFFF, 0xFFFF, 0xFFFF, 0xFFFF, 0xFFFF, 0xFFFF, 0xFFFF, 0xFFFF, 
    0xFFFF, 0xFFFF, 0xFFFF, 0xFFFF, 0xFFFF, 0xFFFF, 0xFFDF, 0xFFFF, 
    0x8C71, 0x0000, 0x0000, 0x0000, 0x0000, 0x0000, 0x0000, 0x4A49, 
    0x31A6, 0x0000, 0x18E3, 0x0000, 0x0000, 0x0000, 0x0000, 0x0000, 
    0x0000, 0x0000, 0x0000, 0x0000, 0x0000, 0x0000, 0x0000, 0x1082, 
    0x0841, 0x0000, 0x0000, 0x0000, 0x0000, 0x0000, 0x0000, 0x0000, 
    0x0000, 0x0000, 0x0000, 0x0000, 0x0020, 0x0000, 0x0000, 0x0000, 
    0x0000, 0x0020, 0x0020, 0x0020, 0x0020, 0x0020, 0x0841, 0x0841, 
    0x0841, 0x0841, 0x0861, 0x0841, 0x2124, 0x8C51, 0x39C7, 0x0841, 
    0x1082, 0x1082, 0x1082, 0x1082, 0x1082, 0x1082, 0x0861, 0x18C3, 
    0x2104, 0x528A, 0xD69A, 0xFFFF, 0xD69A, 0x7BEF, 0x528A, 0x4208, 
    0x18E3, 0x2104, 0x2104, 0x39C7, 0x52AA, 0x4228, 0x8C71, 0xDEDB, 
    0xE73C, 0xFFFF, 0xEF7D, 0xF7BE, 0xFFDF, 0xEF7D, 0xFFDF, 0xFFDF, 
    0x0000, 0x0000, 0x0000, 0x0000, 0x0000, 0x0000, 0x0000, 0x0000, 
    0x0000, 0x0000, 0x0020, 0x0861, 0x630C, 0x738E, 0x6B4D, 0xB596, 
    0xF79E, 0x8410, 0x2124, 0x7BCF, 0xFFFF, 0xFFFF, 0xFFFF, 0xFFFF, 
    0xFFFF, 0xFFFF, 0xFFFF, 0xFFFF, 0xFFFF, 0xFFFF, 0xEF7D, 0xD69A, 
    0xFFFF, 0xFFFF, 0xFFFF, 0xFFFF, 0xFFFF, 0xFFFF, 0xFFFF, 0xFFFF, 
    0xF7BE, 0x3186, 0x0000, 0x0000, 0x0000, 0x0000, 0x0000, 0x1082, 
    0x39E7, 0x0000, 0x18E3, 0x2124, 0x10A2, 0x2104, 0x0000, 0x0000, 
    0x0000, 0x0000, 0x0000, 0x0000, 0x0000, 0x0000, 0x0020, 0x1082, 
    0x0000, 0x0841, 0x0000, 0x0000, 0x0000, 0x0841, 0x2945, 0x0000, 
    0x0000, 0x0000, 0x0000, 0x0000, 0x0000, 0x0000, 0x0000, 0x0000, 
    0x0000, 0x0000, 0x0000, 0x0000, 0x0020, 0x0020, 0x0020, 0x0020, 
    0x0841, 0x0841, 0x0841, 0x1082, 0x31A6, 0x2945, 0x10A2, 0x0861, 
    0x0861, 0x0861, 0x1082, 0x0861, 0x0861, 0x1082, 0x0841, 0x2945, 
    0x3186, 0x9CF3, 0xFFFF, 0xFFFF, 0xE71C, 0x8410, 0x2945, 0x3186, 
    0x18E3, 0x18E3, 0x2124, 0x2945, 0x3186, 0x39E7, 0x73AE, 0x9CF3, 
    0xA534, 0xE73C, 0xFFFF, 0xFFFF, 0xFFDF, 0xFFDF, 0xF7BE, 0xF79E, 
    0x0000, 0x0000, 0x0000, 0x0000, 0x0000, 0x0000, 0x0000, 0x0000, 
    0x0000, 0x0000, 0x0000, 0x4228, 0x73AE, 0x6B6D, 0x6B6D, 0xAD75, 
    0xAD75, 0x6B4D, 0x632C, 0x8430, 0xEF5D, 0xFFFF, 0xFFFF, 0xFFFF, 
    0xFFFF, 0xFFFF, 0xFFFF, 0xFFFF, 0xF79E, 0xAD75, 0x8C51, 0x8410, 
    0xBDF7, 0xFFFF, 0xFFFF, 0xFFFF, 0xFFFF, 0xFFFF, 0xFFFF, 0xFFFF, 
    0xDEFB, 0x528A, 0x0000, 0x0020, 0x0000, 0x0000, 0x0000, 0x0000, 
    0x0000, 0x0020, 0x4208, 0x4A49, 0x0841, 0x0861, 0x0000, 0x0000, 
    0x0000, 0x0000, 0x0000, 0x0000, 0x0000, 0x0000, 0x0861, 0x18E3, 
    0x0000, 0x0000, 0x0000, 0x0000, 0x0000, 0x0020, 0x0841, 0x0000, 
    0x0000, 0x0000, 0x0000, 0x0000, 0x0000, 0x0000, 0x0000, 0x0000, 
    0x0000, 0x0000, 0x0000, 0x0000, 0x0020, 0x0020, 0x0020, 0x0020, 
    0x0020, 0x0020, 0x0020, 0x0861, 0x10A2, 0x0020, 0x0841, 0x0861, 
    0x0841, 0x0841, 0x0861, 0x0861, 0x0861, 0x0841, 0x18C3, 0x39E7, 
    0x4228, 0xDEFB, 0xFFFF, 0xFFFF, 0xEF5D, 0x7BCF, 0x3186, 0x39E7, 
    0x18E3, 0x18E3, 0x2104, 0x2124, 0x2945, 0x2965, 0x31A6, 0x5ACB, 
    0x8C71, 0xA514, 0xC638, 0xFFDF, 0xFFFF, 0xFFFF, 0xF7BE, 0xDEDB, 
    0x0000, 0x0000, 0x0000, 0x0000, 0x0000, 0x0000, 0x0000, 0x0000, 
    0x0000, 0x0000, 0x0020, 0x632C, 0x73AE, 0x6B6D, 0x6B6D, 0x528A, 
    0x4208, 0x6B6D, 0x73AE, 0x73AE, 0xCE59, 0xFFFF, 0xFFFF, 0xFFFF, 
    0xFFFF, 0xFFFF, 0xFFDF, 0xC618, 0xA514, 0xC618, 0xF7BE, 0xFFFF, 
    0x94B2, 0xEF7D, 0xFFFF, 0xFFFF, 0xFFFF, 0xFFFF, 0xFFFF, 0xDEDB, 
    0xAD55, 0xC618, 0x2945, 0x0000, 0x0000, 0x31A6, 0x2124, 0x0000, 
    0x0000, 0x0020, 0x2104, 0x18C3, 0x0861, 0x0000, 0x0000, 0x0000, 
    0x0000, 0x0000, 0x0000, 0x0000, 0x0000, 0x0000, 0x0000, 0x0000, 
    0x0000, 0x0000, 0x0000, 0x0000, 0x0000, 0x0000, 0x0000, 0x0000, 
    0x0000, 0x0000, 0x0000, 0x0000, 0x0000, 0x0000, 0x0000, 0x0000, 
    0x0000, 0x0000, 0x0000, 0x0000, 0x0000, 0x0000, 0x0000, 0x0020, 
    0x0020, 0x0020, 0x0020, 0x0841, 0x0020, 0x0841, 0x0841, 0x0841, 
    0x0841, 0x0841, 0x0841, 0x0841, 0x0841, 0x0841, 0x39C7, 0x3186, 
    0x94B2, 0xFFFF, 0xFFFF, 0xFFFF, 0xE73C, 0x6B6D, 0x3186, 0x39C7, 
    0x10A2, 0x18E3, 0x18E3, 0x2104, 0x2124, 0x2945, 0x3186, 0x31A6, 
    0x4228, 0x8410, 0x9CD3, 0xBDD7, 0xE71C, 0xFFDF, 0xFFFF, 0xCE59, 
    0x0000, 0x0000, 0x0000, 0x0000, 0x0000, 0x0000, 0x0000, 0x0000, 
    0x0000, 0x0000, 0x2104, 0x738E, 0x6B6D, 0x738E, 0x4A49, 0x0000, 
    0x2945, 0x6B6D, 0x73AE, 0x7BCF, 0xAD55, 0xFFFF, 0xFFFF, 0xFFFF, 
    0xFFFF, 0xD69A, 0xAD55, 0xC638, 0xFFDF, 0xFFFF, 0xFFFF, 0xFFFF, 
    0xCE59, 0x9492, 0xFFFF, 0xFFFF, 0xFFFF, 0xFFFF, 0xF79E, 0xB5B6, 
    0xFFFF, 0xFFFF, 0x7BCF, 0x0861, 0x2965, 0x1082, 0x10A2, 0x0000, 
    0x0000, 0x0000, 0x0000, 0x0000, 0x0000, 0x0000, 0x0000, 0x0000, 
    0x0000, 0x0000, 0x0000, 0x0000, 0x0861, 0x0020, 0x0000, 0x0000, 
    0x0000, 0x0000, 0x0000, 0x0000, 0x0000, 0x0000, 0x0000, 0x0000, 
    0x0000, 0x0000, 0x0000, 0x0000, 0x0000, 0x0000, 0x0000, 0x0000, 
    0x0000, 0x0000, 0x0000, 0x0000, 0x0000, 0x0020, 0x0020, 0x0020, 
    0x0020, 0x0020, 0x0020, 0x0020, 0x0020, 0x0841, 0x0020, 0x0000, 
    0x0841, 0x0020, 0x0020, 0x0020, 0x1082, 0x31A6, 0x4208, 0x528A, 
    0xF79E, 0xFFFF, 0xFFFF, 0xFFFF, 0xDEFB, 0x630C, 0x18E3, 0x2104, 
    0x10A2, 0x18C3, 0x18E3, 0x2124, 0x2104, 0x2945, 0x2945, 0x2965, 
    0x3186, 0x39C7, 0x6B6D, 0x9CF3, 0xB5B6, 0xBDD7, 0xCE59, 0x9492, 
    0x0000, 0x0000, 0x0000, 0x0000, 0x0000, 0x0000, 0x0000, 0x0000, 
    0x0000, 0x0000, 0x4A49, 0x738E, 0x738E, 0x528A, 0x0000, 0x0841, 
    0x528A, 0x632C, 0x8410, 0x8430, 0x8C71, 0xEF5D, 0xFFFF, 0xF79E, 
    0xAD75, 0xB5B6, 0xF7BE, 0xFFFF, 0xFFFF, 0xFFFF, 0xEF7D, 0xAD55, 
    0x8C51, 0x8410, 0xF79E, 0xFFFF, 0xFFFF, 0xFFFF, 0xCE79, 0xDEDB, 
    0xFFFF, 0xFFFF, 0xB5B6, 0x18E3, 0x52AA, 0x0841, 0x0000, 0x0020, 
    0x0000, 0x0000, 0x0000, 0x0000, 0x0000, 0x0000, 0x0000, 0x0000, 
    0x0000, 0x0000, 0x0000, 0x0000, 0x18E3, 0x0020, 0x0000, 0x0000, 
    0x0000, 0x0000, 0x0000, 0x0000, 0x0000, 0x0000, 0x0000, 0x0000, 
    0x0000, 0x0000, 0x0000, 0x0000, 0x0000, 0x0000, 0x0000, 0x0000, 
    0x0020, 0x0841, 0x0020, 0x0020, 0x0020, 0x0000, 0x0000, 0x0000, 
    0x0000, 0x0020, 0x0020, 0x0000, 0x0000, 0x0841, 0x0861, 0x10A2, 
    0x18E3, 0x2945, 0x2965, 0x2965, 0x4A69, 0x630C, 0x2945, 0xBDD7, 
    0xFFFF, 0xFFFF, 0xFFFF, 0xFFFF, 0xD6BA, 0x5ACB, 0x0861, 0x18C3, 
    0x10A2, 0x10A2, 0x18E3, 0x2104, 0x2104, 0x2124, 0x2124, 0x2945, 
    0x2965, 0x3186, 0x2965, 0x4A49, 0x9492, 0xAD75, 0x9CF3, 0xA514, 
    0x0000, 0x0000, 0x0020, 0x39C7, 0x0020, 0x0000, 0x0000, 0x0000, 
    0x0000, 0x0861, 0x6B4D, 0x6B4D, 0x632C, 0x2945, 0x0000, 0x39E7, 
    0x630C, 0x5AEB, 0x632C, 0x73AE, 0x8410, 0xC618, 0xC618, 0x94B2, 
    0xDEFB, 0xFFFF, 0xFFFF, 0xFFDF, 0xFFFF, 0xD6BA, 0x8C51, 0xC618, 
    0xEF5D, 0xFFDF, 0xFFFF, 0xFFFF, 0xFFFF, 0xFFFF, 0xC638, 0xF79E, 
    0xFFFF, 0xCE79, 0xC618, 0x4208, 0x0861, 0x0841, 0x0000, 0x0000, 
    0x0000, 0x0000, 0x0000, 0x0000, 0x0000, 0x0000, 0x0000, 0x0000, 
    0x0000, 0x0000, 0x0000, 0x0000, 0x0000, 0x0000, 0x0000, 0x0000, 
    0x0000, 0x0000, 0x0000, 0x0000, 0x0000, 0x0000, 0x0000, 0x0000, 
    0x0000, 0x0000, 0x1082, 0x0841, 0x0000, 0x0000, 0x0000, 0x0861, 
    0x2965, 0x3186, 0x39E7, 0x4208, 0x4228, 0x4228, 0x31A6, 0x31A6, 
    0x3186, 0x2104, 0x2104, 0x2965, 0x31A6, 0x2124, 0x2945, 0x2965, 
    0x3186, 0x39C7, 0x39C7, 0x4A49, 0x8430, 0x9CF3, 0x9CF3, 0xBDF7, 
    0xCE59, 0xD69A, 0xDEFB, 0xFFDF, 0xDEFB, 0x528A, 0x1082, 0x10A2, 
    0x1082, 0x10A2, 0x18C3, 0x18E3, 0x2104, 0x2104, 0x2104, 0x2124, 
    0x2945, 0x2945, 0x2965, 0x2945, 0x2965, 0x4208, 0x4A49, 0x5ACB, 
    0x0000, 0x0000, 0x4208, 0x31A6, 0x0000, 0x0000, 0x0000, 0x0000, 
    0x0000, 0x31A6, 0x6B6D, 0x6B6D, 0x4A49, 0x0000, 0x10A2, 0x630C, 
    0x5AEB, 0x630C, 0x6B4D, 0x738E, 0x7BCF, 0x528A, 0x8C71, 0xF7BE, 
    0xFFFF, 0xFFFF, 0xFFFF, 0xFFFF, 0xFFDF, 0x94B2, 0xDEFB, 0xFFFF, 
    0xFFFF, 0xFFFF, 0xFFFF, 0xFFFF, 0xFFFF, 0xFFDF, 0xCE59, 0xFFFF, 
    0xFFDF, 0xC618, 0xFFFF, 0x73AE, 0x0000, 0x0000, 0x0000, 0x0000, 
    0x0000, 0x0000, 0x0000, 0x0000, 0x0000, 0x0000, 0x0000, 0x0000, 
    0x0000, 0x0000, 0x0000, 0x0000, 0x0000, 0x0020, 0x0861, 0x0000, 
    0x0000, 0x0000, 0x0000, 0x0020, 0x0000, 0x0000, 0x0000, 0x0000, 
    0x10A2, 0x3186, 0x39C7, 0x2104, 0x1082, 0x0000, 0x0000, 0x18E3, 
    0x39C7, 0x31A6, 0x39C7, 0x52AA, 0x5AEB, 0x5AEB, 0x528A, 0x73AE, 
    0x6B4D, 0xAD55, 0xB5B6, 0x9492, 0xC618, 0xB5B6, 0xE73C, 0xCE79, 
    0xC638, 0xC638, 0xDEFB, 0xEF7D, 0xBDF7, 0xF79E, 0xFFFF, 0xFFFF, 
    0xFFDF, 0xEF7D, 0xD6BA, 0xC638, 0xAD55, 0x4228, 0x1082, 0x10A2, 
    0x1082, 0x1082, 0x10A2, 0x10A2, 0x18C3, 0x18E3, 0x2104, 0x2124, 
    0x2124, 0x2124, 0x2124, 0x2945, 0x2945, 0x2104, 0x2104, 0x18C3, 
    0x0000, 0x0000, 0x1082, 0x0000, 0x0000, 0x0000, 0x0020, 0x0000, 
    0x0841, 0x5AEB, 0x6B4D, 0x6B4D, 0x4208, 0x0000, 0x31A6, 0x6B4D, 
    0x630C, 0x632C, 0x6B4D, 0x73AE, 0x4208, 0x4208, 0xD69A, 0xFFFF, 
    0xFFFF, 0xE73C, 0xFFFF, 0xFFFF, 0xFFDF, 0xC638, 0xFFFF, 0xFFFF, 
    0xFFFF, 0xFFFF, 0xFFFF, 0xFFFF, 0xFFFF, 0xF7BE, 0xCE79, 0xFFFF, 
    0xF7BE, 0xCE59, 0xFFFF, 0xAD75, 0x0020, 0x0020, 0x0000, 0x0000, 
    0x0000, 0x0000, 0x0000, 0x0000, 0x0000, 0x0000, 0x0000, 0x0000, 
    0x0000, 0x0000, 0x0000, 0x0000, 0x0000, 0x0000, 0x0841, 0x0000, 
    0x0000, 0x0000, 0x0020, 0x0000, 0x0000, 0x0000, 0x0000, 0x0000, 
    0x2124, 0x4208, 0x31A6, 0x3186, 0x18C3, 0x0000, 0x0020, 0x2124, 
    0x3186, 0x3186, 0x39C7, 0x5ACB, 0x5AEB, 0x630C, 0xAD75, 0xBDF7, 
    0xC638, 0xFFFF, 0xBDF7, 0x9CD3, 0x7BCF, 0xCE79, 0xFFFF, 0xFFFF, 
    0xFFFF, 0xFFFF, 0xFFFF, 0xCE79, 0xD69A, 0xD69A, 0xFFFF, 0xFFFF, 
    0xFFFF, 0xFFFF, 0xFFFF, 0xFFFF, 0xC618, 0x39E7, 0x18C3, 0x10A2, 
    0x0861, 0x1082, 0x10A2, 0x10A2, 0x18C3, 0x18E3, 0x18E3, 0x2104, 
    0x2104, 0x2104, 0x2104, 0x2104, 0x2104, 0x2104, 0x2104, 0x2104, 
    0x0000, 0x0000, 0x0000, 0x0000, 0x0000, 0x0000, 0x0020, 0x0000, 
    0x3186, 0x738E, 0x632C, 0x632C, 0x18C3, 0x0000, 0x4A69, 0x630C, 
    0x6B4D, 0x6B4D, 0x632C, 0x738E, 0x39E7, 0x5AEB, 0x94B2, 0xBDD7, 
    0x9492, 0xAD55, 0xCE59, 0xFFFF, 0xFFFF, 0xC638, 0xEF7D, 0xFFFF, 
    0xFFFF, 0xFFFF, 0xFFFF, 0xFFFF, 0xFFFF, 0xF79E, 0xC638, 0xFFFF, 
    0xFFFF, 0xB5B6, 0xF7BE, 0xEF7D, 0x18E3, 0x0000, 0x0000, 0x0000, 
    0x0000, 0x0000, 0x0000, 0x0000, 0x0000, 0x0000, 0x0000, 0x0000, 
    0x0000, 0x0000, 0x0000, 0x0000, 0x0000, 0x0000, 0x0000, 0x0000, 
    0x0000, 0x0000, 0x0020, 0x0000, 0x0000, 0x0000, 0x0000, 0x0000, 
    0x0861, 0x31A6, 0x39C7, 0x39C7, 0x18E3, 0x2104, 0x0861, 0x2124, 
    0x39E7, 0x4208, 0x52AA, 0x630C, 0x9CF3, 0xBDF7, 0xFFFF, 0xD69A, 
    0xE73C, 0xFFFF, 0xAD55, 0xF7BE, 0xF79E, 0xB5B6, 0xFFFF, 0xFFFF, 
    0xFFDF, 0xFFFF, 0xD69A, 0xDEDB, 0xFFFF, 0xDEDB, 0xEF5D, 0xFFFF, 
    0xFFFF, 0xFFFF, 0xFFFF, 0xFFFF, 0xFFFF, 0xAD75, 0x2104, 0x0861, 
    0x0841, 0x1082, 0x1082, 0x1082, 0x10A2, 0x10A2, 0x18C3, 0x18E3, 
    0x18E3, 0x2104, 0x2104, 0x18E3, 0x18E3, 0x18E3, 0x18E3, 0x18E3, 
    0x0000, 0x0000, 0x0000, 0x0000, 0x0000, 0x0000, 0x0000, 0x0841, 
    0x5AEB, 0x6B4D, 0x6B6D, 0x6B6D, 0x18E3, 0x1082, 0x5ACB, 0x632C, 
    0x6B4D, 0x632C, 0x6B4D, 0x73AE, 0x528A, 0x4208, 0x632C, 0x5AEB, 
    0xE73C, 0xFFFF, 0xB596, 0xF7BE, 0xFFFF, 0xD6BA, 0xDEFB, 0xFFFF, 
    0xFFFF, 0xFFFF, 0xFFFF, 0xFFFF, 0xFFFF, 0xFFFF, 0xC618, 0xF7BE, 
    0xFFFF, 0xDEDB, 0x94B2, 0x9CF3, 0x2965, 0x10A2, 0x0020, 0x0000, 
    0x0000, 0x0000, 0x0000, 0x0000, 0x0000, 0x0000, 0x0000, 0x0000, 
    0x0000, 0x0841, 0x18E3, 0x0000, 0x0000, 0x0000, 0x0000, 0x0000, 
    0x0020, 0x18E3, 0x0000, 0x0000, 0x0000, 0x0000, 0x0000, 0x0020, 
    0x2104, 0x2104, 0x39E7, 0x39E7, 0x2945, 0x0020, 0x18C3, 0x528A, 
    0x4228, 0x4A69, 0x5ACB, 0x8410, 0xFFDF, 0xB596, 0xF7BE, 0xDEFB, 
    0xB5B6, 0xDEDB, 0xB5B6, 0xD69A, 0xD69A, 0xD69A, 0xFFFF, 0xFFFF, 
    0xFFFF, 0xE73C, 0xCE59, 0xEF7D, 0xBDD7, 0xF79E, 0xD6BA, 0xFFFF, 
    0xFFFF, 0xFFFF, 0xFFFF, 0xEF7D, 0xCE79, 0xB596, 0xA514, 0x632C, 
    0x10A2, 0x1082, 0x0861, 0x1082, 0x1082, 0x10A2, 0x10A2, 0x18C3, 
    0x18C3, 0x18C3, 0x18E3, 0x18C3, 0x18C3, 0x18E3, 0x18C3, 0x18C3, 
    0x0000, 0x0000, 0x0000, 0x0000, 0x0000, 0x0000, 0x0000, 0x2945, 
    0x6B6D, 0x632C, 0x6B6D, 0x6B4D, 0x630C, 0x4A49, 0x6B6D, 0x632C, 
    0x632C, 0x6B4D, 0x632C, 0x6B6D, 0x632C, 0x18C3, 0x39C7, 0x9CF3, 
    0xF79E, 0xFFFF, 0xC638, 0xCE79, 0xFFFF, 0xEF7D, 0xCE79, 0xFFFF, 
    0xFFFF, 0xFFFF, 0xFFFF, 0xFFFF, 0xFFFF, 0xFFFF, 0xCE79, 0xCE59, 
    0xFFFF, 0xFFFF, 0xDEDB, 0xDEDB, 0x7BCF, 0x0020, 0x0000, 0x0000, 
    0x0000, 0x0000, 0x10A2, 0x39C7, 0x0000, 0x0000, 0x0000, 0x0000, 
    0x0000, 0x1082, 0x39E7, 0x0000, 0x0841, 0x1082, 0x0000, 0x0000, 
    0x0000, 0x10A2, 0x0000, 0x0000, 0x0000, 0x0000, 0x0000, 0x0841, 
    0x31A6, 0x10A2, 0x3186, 0x39C7, 0x39C7, 0x0861, 0x10A2, 0x4208, 
    0x39C7, 0x2104, 0x4A69, 0xDEFB, 0xFFFF, 0xCE79, 0xA534, 0xFFFF, 
    0xEF7D, 0xD6BA, 0xFFFF, 0xB5B6, 0xB596, 0xDEFB, 0xFFFF, 0xFFFF, 
    0xFFFF, 0xC618, 0xE73C, 0xDEFB, 0xDEDB, 0xE71C, 0xDEDB, 0xF7BE, 
    0xFFFF, 0xFFFF, 0xFFFF, 0xCE79, 0xEF5D, 0xE71C, 0xDEFB, 0xD69A, 
    0x7BEF, 0x2104, 0x0861, 0x1082, 0x1082, 0x1082, 0x1082, 0x10A2, 
    0x10A2, 0x10A2, 0x10A2, 0x10A2, 0x18C3, 0x10A2, 0x10A2, 0x10A2, 
    0x0000, 0x0000, 0x0000, 0x0000, 0x0000, 0x0000, 0x0000, 0x2124, 
    0x6B6D, 0x632C, 0x630C, 0x31A6, 0x0000, 0x1082, 0x4A49, 0x632C, 
    0x632C, 0x632C, 0x6B4D, 0x6B6D, 0x738E, 0x4228, 0x73AE, 0x9492, 
    0xCE79, 0xFFFF, 0xEF5D, 0xA514, 0xFFFF, 0xFFDF, 0xBDD7, 0xFFFF, 
    0xFFFF, 0xFFFF, 0xFFFF, 0xFFFF, 0xFFFF, 0xFFFF, 0xFFFF, 0xAD75, 
    0xE71C, 0xFFFF, 0xFFFF, 0xFFFF, 0xB5B6, 0x0000, 0x0000, 0x0000, 
    0x0000, 0x0000, 0x0841, 0x10A2, 0x0000, 0x0000, 0x0000, 0x0000, 
    0x0000, 0x0000, 0x0000, 0x0000, 0x1082, 0x1082, 0x0000, 0x0000, 
    0x0000, 0x0000, 0x0000, 0x0000, 0x0000, 0x0000, 0x0000, 0x0861, 
    0x4208, 0x2945, 0x18C3, 0x39C7, 0x39C7, 0x2965, 0x0000, 0x0841, 
    0x18E3, 0x2104, 0x9492, 0xFFFF, 0xFFDF, 0xFFFF, 0xBDD7, 0x8C51, 
    0xC618, 0xD69A, 0x9492, 0x528A, 0xE71C, 0xCE59, 0xFFFF, 0xFFFF, 
    0xDEDB, 0xDEDB, 0xCE79, 0xCE59, 0xDEDB, 0xB5B6, 0xDEFB, 0xE71C, 
    0xFFFF, 0xFFFF, 0xFFDF, 0xD69A, 0xF79E, 0xF7BE, 0xFFFF, 0xFFDF, 
    0xEF7D, 0x8430, 0x1082, 0x0861, 0x1082, 0x1082, 0x1082, 0x1082, 
    0x1082, 0x10A2, 0x10A2, 0x10A2, 0x10A2, 0x10A2, 0x1082, 0x1082, 
    0x0000, 0x0000, 0x1082, 0x4A49, 0x2124, 0x0000, 0x0020, 0x18C3, 
    0x6B4D, 0x6B4D, 0x4228, 0x2965, 0x0841, 0x18E3, 0x39C7, 0x632C, 
    0x632C, 0x632C, 0x6B4D, 0x6B4D, 0x6B6D, 0x7BEF, 0x8430, 0x9492, 
    0xAD75, 0xF7BE, 0xFFFF, 0xA514, 0xDEFB, 0xFFFF, 0xBDD7, 0xEF5D, 
    0xFFFF, 0xFFFF, 0xFFFF, 0xFFFF, 0xFFFF, 0xFFFF, 0xFFFF, 0xF79E, 
    0xAD55, 0xBDF7, 0xCE79, 0xAD75, 0x632C, 0x10A2, 0x0000, 0x0000, 
    0x0000, 0x0000, 0x0000, 0x0000, 0x0000, 0x0000, 0x0000, 0x0000, 
    0x0000, 0x0000, 0x0000, 0x0000, 0x0000, 0x0000, 0x0000, 0x0000, 
    0x0000, 0x0000, 0x0000, 0x0000, 0x0000, 0x0000, 0x0000, 0x0841, 
    0x2945, 0x10A2, 0x0841, 0x39C7, 0x39C7, 0x31A6, 0x0841, 0x0861, 
    0x2945, 0x2124, 0xBDF7, 0xFFFF, 0xFFFF, 0xFFFF, 0xFFFF, 0xD6BA, 
    0x8C71, 0x6B6D, 0x8430, 0xC618, 0xA514, 0xCE59, 0xFFFF, 0xFFFF, 
    0xCE79, 0xD6BA, 0xE73C, 0xDEFB, 0xDEDB, 0xCE59, 0xEF7D, 0xDEFB, 
    0xFFFF, 0xFFFF, 0xFFFF, 0xF7BE, 0xE71C, 0xC638, 0xDEFB, 0xFFFF, 
    0xEF5D, 0xFFFF, 0xA514, 0x2945, 0x0841, 0x1082, 0x0861, 0x0861, 
    0x1082, 0x1082, 0x1082, 0x1082, 0x1082, 0x1082, 0x1082, 0x0861, 
    0x1082, 0x632C, 0xC638, 0xC638, 0x18C3, 0x0000, 0x4228, 0x0841, 
    0x4A69, 0x6B4D, 0x4228, 0x0861, 0x0020, 0x2965, 0x4A69, 0x632C, 
    0x632C, 0x632C, 0x632C, 0x6B6D, 0x738E, 0x7BCF, 0x8430, 0x9492, 
    0x9CF3, 0xD69A, 0xFFFF, 0xCE59, 0x94B2, 0xF7BE, 0xB596, 0xC618, 
    0xFFFF, 0xFFFF, 0xFFFF, 0xFFFF, 0xFFFF, 0xFFFF, 0xFFFF, 0xFFFF, 
    0xFFDF, 0xC638, 0xAD75, 0xA534, 0xDEDB, 0x5ACB, 0x0000, 0x0000, 
    0x0000, 0x0000, 0x0000, 0x0000, 0x0000, 0x0000, 0x0000, 0x0000, 
    0x0000, 0x0000, 0x0000, 0x0000, 0x0000, 0x0000, 0x0000, 0x0000, 
    0x0000, 0x0000, 0x0000, 0x0000, 0x0000, 0x0000, 0x0000, 0x0020, 
    0x18C3, 0x18E3, 0x2965, 0x39C7, 0x31A6, 0x39C7, 0x10A2, 0x10A2, 
    0x4228, 0x4A69, 0xC638, 0xFFFF, 0xF7BE, 0xF79E, 0xEF7D, 0xF7BE, 
    0xFFFF, 0xFFFF, 0xFFFF, 0xFFFF, 0xEF7D, 0xFFFF, 0xFFFF, 0xFFFF, 
    0xFFFF, 0xFFDF, 0xE73C, 0xD6BA, 0xD69A, 0xDEDB, 0xDEDB, 0xD69A, 
    0xFFFF, 0xFFFF, 0xFFFF, 0xFFFF, 0xFFFF, 0xE71C, 0xE73C, 0xF79E, 
    0xBDD7, 0xC638, 0xEF5D, 0xC618, 0x6B4D, 0x0861, 0x1082, 0x0861, 
    0x0861, 0x0861, 0x1082, 0x0861, 0x0861, 0x0861, 0x0841, 0x18E3, 
    0xCE79, 0xFFFF, 0xFFFF, 0x8C71, 0x0000, 0x2945, 0x9492, 0x2124, 
    0x10A2, 0x4A69, 0x52AA, 0x1082, 0x0000, 0x4208, 0x5AEB, 0x630C, 
    0x632C, 0x632C, 0x6B4D, 0x6B4D, 0x738E, 0x7BEF, 0x8430, 0x8C71, 
    0x9CD3, 0xAD55, 0xEF5D, 0xFFFF, 0x738E, 0x6B4D, 0x8430, 0xE71C, 
    0xFFFF, 0xFFFF, 0xFFFF, 0xFFFF, 0xFFFF, 0xFFFF, 0xFFFF, 0xFFFF, 
    0xFFFF, 0xFFFF, 0xFFFF, 0xFFFF, 0xFFFF, 0xAD75, 0x0000, 0x0020, 
    0x0000, 0x0000, 0x0000, 0x0000, 0x0000, 0x0000, 0x0020, 0x0000, 
    0x0841, 0x18C3, 0x0000, 0x0000, 0x0000, 0x0000, 0x0020, 0x0000, 
    0x0000, 0x0000, 0x0000, 0x0000, 0x0000, 0x0000, 0x0000, 0x18C3, 
    0x4208, 0x39E7, 0x39E7, 0x31A6, 0x2965, 0x2965, 0x1082, 0x0020, 
    0x18C3, 0x2124, 0x5ACB, 0x7BCF, 0x8C51, 0x8C71, 0x8C51, 0x8C51, 
    0x8410, 0x7BEF, 0x8410, 0x8430, 0x9CD3, 0xAD75, 0xC618, 0xDEDB, 
    0xF79E, 0xFFFF, 0xFFFF, 0xFFFF, 0xFFFF, 0xEF7D, 0xEF5D, 0xF79E, 
    0xFFFF, 0xFFFF, 0xFFFF, 0xFFFF, 0xFFFF, 0xD6BA, 0xFFFF, 0xDEFB, 
    0xFFDF, 0xFFDF, 0xC618, 0xE73C, 0xFFFF, 0x8C51, 0x1082, 0x0861, 
    0x0841, 0x0841, 0x0861, 0x0861, 0x0861, 0x0861, 0x0861, 0x10A2, 
    0x94B2, 0xFFFF, 0xE71C, 0x4208, 0x4A69, 0x9492, 0x8C51, 0x630C, 
    0x0861, 0x0000, 0x31A6, 0x2124, 0x39E7, 0x5ACB, 0x5ACB, 0x630C, 
    0x6B4D, 0x4A49, 0x5ACB, 0x6B6D, 0x738E, 0x7BCF, 0x8430, 0x8C71, 
    0x9CF3, 0xA514, 0xBDF7, 0xFFFF, 0xCE59, 0xD69A, 0xFFFF, 0xFFFF, 
    0xFFFF, 0xFFFF, 0xFFFF, 0xFFFF, 0xFFFF, 0xFFFF, 0xFFFF, 0xFFFF, 
    0xFFFF, 0xFFFF, 0xFFFF, 0xFFDF, 0xFFFF, 0xEF5D, 0x2124, 0x0000, 
    0x0000, 0x0000, 0x0000, 0x0000, 0x0000, 0x0000, 0x10A2, 0x0020, 
    0x0000, 0x0841, 0x0000, 0x0000, 0x0000, 0x0000, 0x0000, 0x0000, 
    0x0000, 0x0000, 0x0000, 0x0000, 0x0000, 0x0000, 0x0000, 0x18C3, 
    0x31A6, 0x2104, 0x10A2, 0x1082, 0x1082, 0x1082, 0x10A2, 0x0841, 
    0x3186, 0x4208, 0xB5B6, 0xF79E, 0xF7BE, 0xFFFF, 0xFFFF, 0xFFDF, 
    0xF7BE, 0xF7BE, 0xF79E, 0xE71C, 0xD69A, 0xC618, 0xB596, 0xA514, 
    0x9CD3, 0x94B2, 0xA514, 0xD69A, 0xFFFF, 0xFFFF, 0xFFFF, 0xFFFF, 
    0xFFFF, 0xFFFF, 0xFFFF, 0xFFFF, 0xF79E, 0xDEDB, 0xFFDF, 0xD6BA, 
    0xFFFF, 0xFFFF, 0xFFFF, 0xFFFF, 0xFFFF, 0xFFFF, 0x94B2, 0x10A2, 
    0x0861, 0x0841, 0x0861, 0x0861, 0x0841, 0x0841, 0x39E7, 0x39E7, 
    0xC618, 0xFFFF, 0x52AA, 0x0841, 0x2104, 0x738E, 0x8410, 0x6B6D, 
    0x39C7, 0x0000, 0x0841, 0x1082, 0x0841, 0x39C7, 0x5ACB, 0x5ACB, 
    0x630C, 0x5ACB, 0x2965, 0x6B4D, 0x738E, 0x7BCF, 0x8430, 0x8C51, 
    0x94B2, 0xA514, 0xAD55, 0xDEDB, 0xFFFF, 0xFFFF, 0xFFFF, 0xFFFF, 
    0xFFFF, 0xFFFF, 0xFFFF, 0xFFFF, 0xFFFF, 0xFFFF, 0xFFFF, 0xFFFF, 
    0xFFFF, 0xFFFF, 0xFFFF, 0xFFFF, 0xFFFF, 0xFFFF, 0x6B4D, 0x0000, 
    0x0000, 0x0000, 0x0000, 0x0000, 0x0000, 0x0000, 0x0000, 0x0000, 
    0x0000, 0x0000, 0x0000, 0x0000, 0x0000, 0x0000, 0x0000, 0x0000, 
    0x0000, 0x0000, 0x0000, 0x0000, 0x0000, 0x0000, 0x0000, 0x0841, 
    0x1082, 0x10A2, 0x2124, 0x2965, 0x3186, 0x39C7, 0x39C7, 0x10A2, 
    0x528A, 0x52AA, 0xCE59, 0xFFFF, 0xFFFF, 0xFFFF, 0xFFFF, 0xFFFF, 
    0xFFFF, 0xFFFF, 0xFFFF, 0xFFFF, 0xFFFF, 0xFFFF, 0xFFFF, 0xFFFF, 
    0xFFDF, 0xE73C, 0xBDD7, 0x8C51, 0x73AE, 0xA514, 0xDEDB, 0xF7BE, 
    0xFFFF, 0xFFFF, 0xFFFF, 0xFFFF, 0xDEFB, 0xCE79, 0xDEFB, 0xE71C, 
    0xFFFF, 0xFFFF, 0xFFFF, 0xFFFF, 0xFFFF, 0xFFFF, 0xF79E, 0x73AE, 
    0x0861, 0x1082, 0x1082, 0x1082, 0x1082, 0x0841, 0x0841, 0x0020, 
    0xEF7D, 0x632C, 0x0000, 0x0841, 0x6B6D, 0x2124, 0x630C, 0x39E7, 
    0x5AEB, 0x2104, 0x0000, 0x0020, 0x0000, 0x2124, 0x52AA, 0x52AA, 
    0x5ACB, 0x630C, 0x4228, 0x39C7, 0x738E, 0x73AE, 0x8410, 0x8C71, 
    0x94B2, 0xA514, 0xAD75, 0xBDD7, 0xF7BE, 0xFFFF, 0xFFFF, 0xFFFF, 
    0xFFFF, 0xFFFF, 0xFFFF, 0xFFFF, 0xFFFF, 0xFFFF, 0xE73C, 0xD6BA, 
    0xC638, 0xBDD7, 0xC638, 0xD6BA, 0xEF5D, 0xFFFF, 0xCE59, 0x0020, 
    0x0000, 0x0000, 0x0000, 0x0000, 0x0000, 0x0000, 0x0000, 0x0000, 
    0x0000, 0x0000, 0x0000, 0x0000, 0x0000, 0x0000, 0x0000, 0x0000, 
    0x0000, 0x0000, 0x0000, 0x0000, 0x0000, 0x0000, 0x0000, 0x10A2, 
    0x39C7, 0x39C7, 0x39C7, 0x39C7, 0x39C7, 0x39C7, 0x39C7, 0x2104, 
    0x4A69, 0x52AA, 0xCE59, 0xFFFF, 0xFFFF, 0xFFFF, 0xFFFF, 0xFFFF, 
    0xFFFF, 0xFFFF, 0xFFFF, 0xFFFF, 0xFFFF, 0xFFFF, 0xFFFF, 0xFFFF, 
    0xFFFF, 0xEF7D, 0xDEDB, 0xC618, 0x94B2, 0x6B4D, 0x6B6D, 0x8C51, 
    0xAD55, 0xDEFB, 0xFFFF, 0xFFFF, 0xFFFF, 0xDEFB, 0xD69A, 0xFFFF, 
    0xFFFF, 0xFFFF, 0xFFFF, 0xFFFF, 0xFFDF, 0xD6BA, 0xE71C, 0xFFFF, 
    0x8430, 0x18C3, 0x2124, 0x18E3, 0x18E3, 0x1082, 0x0020, 0x0020, 
    0x39E7, 0x0000, 0x0020, 0x10A2, 0x9CF3, 0x52AA, 0x1082, 0x39C7, 
    0x632C, 0x528A, 0x0020, 0x0000, 0x0000, 0x18E3, 0x528A, 0x52AA, 
    0x5ACB, 0x5AEB, 0x632C, 0x4A49, 0x6B4D, 0x8410, 0x8410, 0x8C71, 
    0x9CD3, 0xA514, 0xAD55, 0xB596, 0xD69A, 0xFFFF, 0xFFFF, 0xFFFF, 
    0xFFFF, 0xFFFF, 0xE71C, 0xB596, 0x8C71, 0x7BCF, 0x738E, 0x73AE, 
    0x73AE, 0x73AE, 0x73AE, 0x6B4D, 0x5AEB, 0x6B4D, 0xA514, 0x2965, 
    0x0000, 0x0000, 0x0000, 0x0000, 0x0000, 0x0000, 0x0000, 0x0000, 
    0x0000, 0x0000, 0x0000, 0x0000, 0x0000, 0x0000, 0x0000, 0x0000, 
    0x0000, 0x0000, 0x0000, 0x0000, 0x0000, 0x0000, 0x0000, 0x18E3, 
    0x39C7, 0x31A6, 0x31A6, 0x39C7, 0x39C7, 0x39C7, 0x39E7, 0x2945, 
    0x4A69, 0x5AEB, 0xCE79, 0xFFFF, 0xFFFF, 0xFFFF, 0xFFFF, 0xFFFF, 
    0xFFFF, 0xFFFF, 0xFFFF, 0xFFFF, 0xFFFF, 0xFFDF, 0xE71C, 0xC618, 
    0xAD55, 0x94B2, 0x8C71, 0x8C51, 0x9CD3, 0x94B2, 0x7BCF, 0x8410, 
    0x6B6D, 0x6B4D, 0x9492, 0xB596, 0xE73C, 0xFFFF, 0xFFFF, 0xFFFF, 
    0xFFFF, 0xFFFF, 0xFFFF, 0xFFFF, 0xD69A, 0xEF7D, 0xFFFF, 0xE71C, 
    0xEF5D, 0x73AE, 0x31A6, 0x39C7, 0x6B4D, 0x2965, 0x0020, 0x0020, 
    0x0000, 0x18E3, 0x4A69, 0x7BCF, 0xA514, 0x7BEF, 0x0861, 0x39E7, 
    0x630C, 0x5AEB, 0x31A6, 0x0000, 0x0020, 0x0000, 0x2104, 0x2104, 
    0x2104, 0x3186, 0x4228, 0x5AEB, 0x5AEB, 0x8410, 0x8C71, 0x9CD3, 
    0x9CF3, 0x9CF3, 0xA534, 0xB596, 0xB596, 0xE73C, 0xFFFF, 0xFFFF, 
    0xCE59, 0x8430, 0x630C, 0x738E, 0x9CF3, 0xCE59, 0xEF5D, 0xFFDF, 
    0xFFFF, 0xFFFF, 0xFFFF, 0xEF7D, 0xCE79, 0x7BEF, 0x2965, 0x0861, 
    0x0020, 0x0000, 0x0000, 0x0000, 0x0000, 0x0000, 0x0000, 0x0000, 
    0x0000, 0x0000, 0x0000, 0x0000, 0x0000, 0x0000, 0x0000, 0x0000, 
    0x0000, 0x0000, 0x0000, 0x0000, 0x0000, 0x0000, 0x0000, 0x18E3, 
    0x39C7, 0x31A6, 0x39C7, 0x39E7, 0x39E7, 0x39E7, 0x4208, 0x31A6, 
    0x630C, 0x5ACB, 0xCE59, 0xFFFF, 0xFFFF, 0xFFFF, 0xFFFF, 0xFFFF, 
    0xFFFF, 0xFFFF, 0xFFFF, 0xEF7D, 0xCE59, 0xA534, 0x94B2, 0x9CD3, 
    0xA514, 0xA534, 0xA534, 0xA514, 0x9CF3, 0x94B2, 0x8C71, 0x7BCF, 
    0x8C51, 0xA514, 0xAD75, 0xC618, 0x9CF3, 0xA514, 0xDEDB, 0xFFFF, 
    0xFFFF, 0xFFFF, 0xFFFF, 0xEF7D, 0xD69A, 0xFFFF, 0xDEDB, 0xC638, 
    0xBDF7, 0xCE79, 0x7BCF, 0x9CF3, 0x73AE, 0x2104, 0x0861, 0x0000, 
    0x0000, 0x0000, 0x0841, 0x39C7, 0x39E7, 0x2124, 0x31A6, 0x2965, 
    0x52AA, 0x5AEB, 0x5ACB, 0x2945, 0x2104, 0x18E3, 0x0841, 0x3186, 
    0x2965, 0x2104, 0x1082, 0x0861, 0x0861, 0x10A2, 0x39C7, 0x73AE, 
    0x94B2, 0x9CD3, 0xA534, 0xAD55, 0xBDD7, 0xC638, 0xB596, 0x630C, 
    0x632C, 0xA534, 0xE73C, 0xFFFF, 0xFFFF, 0xFFFF, 0xFFFF, 0xFFFF, 
    0xFFFF, 0xFFFF, 0xFFFF, 0xFFFF, 0xFFFF, 0xFFFF, 0xE71C, 0x5ACB, 
    0x0020, 0x0020, 0x0000, 0x0000, 0x0000, 0x0000, 0x0000, 0x0000, 
    0x0000, 0x0000, 0x0000, 0x0000, 0x0000, 0x0000, 0x0000, 0x0000, 
    0x0000, 0x0020, 0x0841, 0x10A2, 0x0000, 0x0000, 0x0000, 0x2104, 
    0x39C7, 0x31A6, 0x39C7, 0x39E7, 0x39E7, 0x39E7, 0x4208, 0x39C7, 
    0x52AA, 0x5AEB, 0xCE59, 0xFFFF, 0xFFFF, 0xFFFF, 0xFFFF, 0xFFFF, 
    0xDEDB, 0xD6BA, 0xBDF7, 0x94B2, 0x94B2, 0x9CF3, 0x9CD3, 0x8410, 
    0x6B6D, 0x632C, 0x630C, 0x5AEB, 0x630C, 0x9492, 0xA514, 0xA514, 
    0x9CF3, 0xAD55, 0xC618, 0xEF5D, 0xFFFF, 0xE71C, 0xBDD7, 0xA534, 
    0xCE79, 0xFFFF, 0xFFFF, 0xEF7D, 0xC638, 0xFFFF, 0xCE79, 0xF79E, 
    0xFFFF, 0xD6BA, 0xFFDF, 0xEF5D, 0x5AEB, 0x2104, 0x0861, 0x0020, 
    0x0000, 0x0000, 0x0841, 0x4A49, 0x39C7, 0x10A2, 0x5AEB, 0x6B6D, 
    0x2945, 0x5ACB, 0x5ACB, 0x528A, 0x2124, 0x4208, 0x18E3, 0x10A2, 
    0x5ACB, 0x5ACB, 0x52AA, 0x528A, 0x4228, 0x0861, 0x0000, 0x632C, 
    0x9492, 0x94B2, 0x9CF3, 0xAD55, 0x8C71, 0x4A49, 0x4A49, 0xA534, 
    0xF79E, 0xFFFF, 0xFFFF, 0xFFFF, 0xFFFF, 0xFFFF, 0xFFFF, 0xFFFF, 
    0xFFFF, 0xFFFF, 0xFFFF, 0xFFFF, 0xFFFF, 0xFFFF, 0xFFFF, 0xFFFF, 
    0x738E, 0x0841, 0x0020, 0x0020, 0x0020, 0x0000, 0x0000, 0x0000, 
    0x0000, 0x0000, 0x0000, 0x0000, 0x0000, 0x0000, 0x0000, 0x0000, 
    0x0020, 0x1082, 0x18C3, 0x10A2, 0x0000, 0x0000, 0x0000, 0x2104, 
    0x39C7, 0x31A6, 0x39C7, 0x39E7, 0x4208, 0x4208, 0x4228, 0x31A6, 
    0x4A69, 0x5AEB, 0xBDF7, 0xFFFF, 0xFFFF, 0xFFFF, 0xFFFF, 0xFFFF, 
    0xA534, 0x8410, 0x8C51, 0x8430, 0x7BCF, 0x630C, 0x52AA, 0x738E, 
    0x9CD3, 0xBDD7, 0xC618, 0xB5B6, 0x94B2, 0x632C, 0x7BCF, 0x94B2, 
    0x8C71, 0x94B2, 0xAD55, 0xAD75, 0xF79E, 0xFFFF, 0xFFFF, 0xEF7D, 
    0xBDF7, 0xAD75, 0xDEFB, 0xFFFF, 0xBDF7, 0xDEFB, 0xFFFF, 0xCE59, 
    0xDEDB, 0xFFFF, 0xFFFF, 0xCE79, 0x4A49, 0x2124, 0x0841, 0x0000, 
    0x0000, 0x0000, 0x0020, 0x4208, 0x1082, 0x0000, 0x0861, 0x52AA, 
    0x3186, 0x18E3, 0x5ACB, 0x52AA, 0x528A, 0x4A49, 0x4A69, 0x0020, 
    0x2945, 0x4A69, 0x5ACB, 0x6B4D, 0x52AA, 0x18C3, 0x2945, 0x7BCF, 
    0x8C51, 0x94B2, 0x9CF3, 0x52AA, 0x2104, 0x5AEB, 0xB5B6, 0xFFFF, 
    0xFFFF, 0xFFFF, 0xFFFF, 0xFFFF, 0xFFFF, 0xFFFF, 0xFFFF, 0xFFFF, 
    0xFFFF, 0xFFFF, 0xFFFF, 0xFFFF, 0xFFFF, 0xFFFF, 0xFFFF, 0xFFFF, 
    0xFFFF, 0x39C7, 0x0020, 0x0000, 0x0000, 0x0000, 0x0000, 0x0000, 
    0x0000, 0x0000, 0x0000, 0x0000, 0x0000, 0x0000, 0x0000, 0x18C3, 
    0x18E3, 0x2945, 0x39C7, 0x2104, 0x0000, 0x0000, 0x0000, 0x18E3, 
    0x39C7, 0x39C7, 0x39C7, 0x39E7, 0x4208, 0x4208, 0x4208, 0x4228, 
    0x528A, 0x5ACB, 0xB5B6, 0xFFFF, 0xFFFF, 0xFFFF, 0xFFFF, 0xFFFF, 
    0x8430, 0x39E7, 0x39C7, 0x3186, 0x2945, 0x528A, 0xAD55, 0xDEDB, 
    0xEF7D, 0xF79E, 0xFFFF, 0xFFFF, 0xFFFF, 0xE71C, 0x8430, 0x6B6D, 
    0x8410, 0x7BCF, 0x7BEF, 0xAD55, 0xCE79, 0xFFFF, 0xFFFF, 0xFFFF, 
    0xFFFF, 0xEF7D, 0xB5B6, 0xBDD7, 0xEF5D, 0xB596, 0xC638, 0xDEFB, 
    0xBDD7, 0xFFDF, 0xFFFF, 0xF79E, 0x632C, 0x10A2, 0x0841, 0x0000, 
    0x0861, 0x18E3, 0x2124, 0x18C3, 0x0000, 0x0000, 0x0000, 0x4228, 
    0x6B4D, 0x2945, 0x2124, 0x5ACB, 0x52AA, 0x52AA, 0x52AA, 0x2965, 
    0x0000, 0x0841, 0x39C7, 0x7BCF, 0x4208, 0x8430, 0x5ACB, 0x4A49, 
    0x9CD3, 0x8410, 0x2965, 0x2124, 0x8C51, 0xC618, 0xBDF7, 0xD69A, 
    0xFFFF, 0xFFFF, 0xFFFF, 0xFFFF, 0xFFFF, 0xFFFF, 0xFFFF, 0xFFFF, 
    0xFFFF, 0xFFFF, 0xFFFF, 0xFFFF, 0xFFFF, 0xFFFF, 0xFFFF, 0xFFFF, 
    0xFFFF, 0x8410, 0x0000, 0x0000, 0x0020, 0x0000, 0x0000, 0x0000, 
    0x0000, 0x0000, 0x0000, 0x0000, 0x0000, 0x0861, 0x18E3, 0x4228, 
    0x2945, 0x18E3, 0x4208, 0x10A2, 0x0000, 0x0000, 0x0000, 0x18E3, 
    0x39E7, 0x4208, 0x39C7, 0x39E7, 0x39E7, 0x4208, 0x4228, 0x4A49, 
    0x528A, 0x5AEB, 0xAD55, 0xFFFF, 0xFFFF, 0xFFFF, 0xFFFF, 0xFFFF, 
    0xEF5D, 0xBDD7, 0xC618, 0xC638, 0xCE79, 0xE71C, 0xDEFB, 0xD69A, 
    0xD69A, 0xBDD7, 0xA514, 0x9CF3, 0xE73C, 0xFFFF, 0xFFFF, 0xFFFF, 
    0xFFFF, 0xEF5D, 0x528A, 0x8430, 0xBDF7, 0xFFDF, 0xFFFF, 0xFFFF, 
    0xFFFF, 0xFFFF, 0xFFFF, 0xDEDB, 0xA534, 0xD6BA, 0xCE59, 0xA534, 
    0xEF7D, 0xFFFF, 0xFFFF, 0xFFFF, 0x9CF3, 0x0861, 0x0020, 0x0000, 
    0x2945, 0x2104, 0x39C7, 0x0020, 0x0000, 0x0000, 0x3186, 0x5ACB, 
    0x4A49, 0x2945, 0x18E3, 0x52AA, 0x52AA, 0x52AA, 0x528A, 0x52AA, 
    0x18E3, 0x0000, 0x4A49, 0x6B4D, 0x9492, 0xBDD7, 0x8410, 0x31A6, 
    0x632C, 0x18C3, 0x31A6, 0x9CF3, 0xB5B6, 0xB596, 0xBDF7, 0xC638, 
    0xF79E, 0xFFFF, 0xFFFF, 0xFFFF, 0xFFFF, 0xFFFF, 0xFFFF, 0xFFFF, 
    0xFFFF, 0xFFFF, 0xFFFF, 0xFFFF, 0xFFFF, 0xFFFF, 0xFFFF, 0xFFFF, 
    0xFFFF, 0xD69A, 0x18C3, 0x0020, 0x0000, 0x0000, 0x0000, 0x0000, 
    0x0000, 0x0000, 0x0000, 0x0861, 0x2104, 0x2965, 0x31A6, 0x4208, 
    0x31A6, 0x10A2, 0x39E7, 0x1082, 0x0000, 0x0000, 0x0000, 0x2104, 
    0x31A6, 0x39C7, 0x39E7, 0x39E7, 0x4208, 0x4208, 0x4228, 0x4A49, 
    0x52AA, 0x5AEB, 0x9CF3, 0xFFFF, 0xFFFF, 0xFFFF, 0xFFFF, 0xFFFF, 
    0xFFFF, 0xFFFF, 0xFFFF, 0xFFFF, 0xFFFF, 0xFFFF, 0xFFFF, 0xFFFF, 
    0xFFFF, 0xFFFF, 0xFFFF, 0xD6BA, 0xAD55, 0xB5B6, 0xD69A, 0xE73C, 
    0xF79E, 0xFFFF, 0xCE79, 0x4A69, 0xBDD7, 0xF79E, 0xFFFF, 0xFFFF, 
    0xFFFF, 0xFFFF, 0xFFFF, 0xFFFF, 0xFFDF, 0xB5B6, 0xD6BA, 0xFFFF, 
    0xFFFF, 0xFFFF, 0xFFFF, 0xBDF7, 0x8430, 0x2104, 0x0000, 0x0000, 
    0x3186, 0x2124, 0x2104, 0x0000, 0x0000, 0x0000, 0x2945, 0x2945, 
    0x2965, 0x39C7, 0x528A, 0x52AA, 0x52AA, 0x52AA, 0x528A, 0x4A49, 
    0x4228, 0x0020, 0x4228, 0x5ACB, 0xC618, 0xAD55, 0x9492, 0x4228, 
    0x0000, 0x39C7, 0x9CD3, 0xA534, 0xAD75, 0xB5B6, 0xC618, 0xC638, 
    0xDEFB, 0xFFFF, 0xFFFF, 0xFFFF, 0xFFFF, 0xFFFF, 0xFFFF, 0xFFFF, 
    0xFFFF, 0xFFFF, 0xFFFF, 0xFFFF, 0xFFFF, 0xFFFF, 0xFFFF, 0xFFFF, 
    0xFFFF, 0xFFFF, 0x4228, 0x0000, 0x0000, 0x0000, 0x0000, 0x0000, 
    0x0000, 0x0000, 0x0841, 0x3186, 0x3186, 0x2124, 0x4208, 0x4208, 
    0x4A49, 0x10A2, 0x3186, 0x1082, 0x0000, 0x0000, 0x0000, 0x2104, 
    0x31A6, 0x39C7, 0x39E7, 0x4208, 0x4208, 0x4228, 0x4228, 0x4A49, 
    0x52AA, 0x5AEB, 0x94B2, 0xFFFF, 0xFFFF, 0xFFFF, 0xFFFF, 0xFFFF, 
    0xFFFF, 0xFFFF, 0xFFFF, 0xFFFF, 0xFFFF, 0xFFFF, 0xFFFF, 0xFFFF, 
    0xFFFF, 0xFFFF, 0xFFFF, 0xFFFF, 0xFFFF, 0xCE79, 0xB5B6, 0xA534, 
    0x8C71, 0x94B2, 0xE71C, 0x9492, 0x738E, 0xEF5D, 0xFFFF, 0xFFFF, 
    0xFFFF, 0xFFFF, 0xFFFF, 0xFFFF, 0xFFFF, 0xFFFF, 0xC638, 0xC638, 
    0xFFFF, 0xFFFF, 0xE71C, 0x94B2, 0x8430, 0x2124, 0x0861, 0x0000, 
    0x2104, 0x18E3, 0x0000, 0x0000, 0x0000, 0x0000, 0x3186, 0x52AA, 
    0x5AEB, 0x5AEB, 0x5ACB, 0x5AEB, 0x5ACB, 0x528A, 0x4A49, 0x1082, 
    0x31A6, 0x2965, 0x0020, 0x5AEB, 0xA514, 0x9CD3, 0x630C, 0x0841, 
    0x2104, 0x9492, 0x9CD3, 0x9CF3, 0xAD55, 0xB5B6, 0xBDF7, 0xCE59, 
    0xDEDB, 0xFFFF, 0xFFFF, 0xFFFF, 0xFFFF, 0xFFFF, 0xFFFF, 0xFFFF, 
    0xFFFF, 0xFFFF, 0xFFFF, 0xFFFF, 0xFFFF, 0xFFFF, 0xFFFF, 0xFFFF, 
    0xFFFF, 0xFFFF, 0x94B2, 0x0020, 0x0000, 0x0000, 0x0000, 0x0000, 
    0x0000, 0x0000, 0x10A2, 0x2945, 0x18E3, 0x31A6, 0x4228, 0x39C7, 
    0x4208, 0x2124, 0x2104, 0x0861, 0x0000, 0x0000, 0x0000, 0x18E3, 
    0x39C7, 0x31A6, 0x39C7, 0x4208, 0x4208, 0x4208, 0x4208, 0x4228, 
    0x528A, 0x5AEB, 0x8C51, 0xFFFF, 0xFFFF, 0xFFFF, 0xFFFF, 0xFFFF, 
    0xFFFF, 0xFFFF, 0xFFFF, 0xFFFF, 0xFFFF, 0xFFFF, 0xFFFF, 0xFFFF, 
    0xFFFF, 0xFFFF, 0xFFFF, 0xFFFF, 0xFFFF, 0xFFFF, 0xFFFF, 0xFFFF, 
    0xFFDF, 0xDEFB, 0xA534, 0x8430, 0x4228, 0xC618, 0xFFFF, 0xFFFF, 
    0xFFFF, 0xFFFF, 0xFFFF, 0xFFFF, 0xFFFF, 0xFFFF, 0xFFFF, 0xD69A, 
    0xBDF7, 0xFFFF, 0xC638, 0x94B2, 0x528A, 0x0020, 0x0020, 0x0000, 
    0x4228, 0x0861, 0x0000, 0x0000, 0x0000, 0x0020, 0x4A49, 0x5AEB, 
    0x5ACB, 0x52AA, 0x630C, 0x9CD3, 0x8430, 0x528A, 0x2945, 0x3186, 
    0x4228, 0x5ACB, 0x0841, 0x528A, 0x7BCF, 0x6B6D, 0x0861, 0x2965, 
    0x4208, 0x6B6D, 0x9CF3, 0xA514, 0xAD75, 0xB5B6, 0xBDF7, 0xC638, 
    0xCE79, 0xF79E, 0xFFFF, 0xFFFF, 0xFFFF, 0xFFFF, 0xFFFF, 0xFFFF, 
    0xFFFF, 0xFFFF, 0xFFFF, 0xFFFF, 0xFFFF, 0xFFFF, 0xFFFF, 0xFFFF, 
    0xFFFF, 0xFFFF, 0xE73C, 0x2124, 0x0000, 0x0000, 0x0000, 0x0000, 
    0x10A2, 0x2124, 0x31A6, 0x2965, 0x2104, 0x4A49, 0x2965, 0x18C3, 
    0x39C7, 0x39C7, 0x1082, 0x0841, 0x0000, 0x0000, 0x0000, 0x1082, 
    0x31A6, 0x3186, 0x39C7, 0x4208, 0x4228, 0x4228, 0x4228, 0x4208, 
    0x4A69, 0x5AEB, 0x7BEF, 0xFFFF, 0xFFFF, 0xFFFF, 0xFFFF, 0xFFFF, 
    0xFFFF, 0xEF7D, 0xDEFB, 0xFFFF, 0xFFFF, 0xFFFF, 0xFFFF, 0xFFFF, 
    0xFFFF, 0xFFFF, 0xFFFF, 0xFFFF, 0xFFFF, 0xFFFF, 0xFFFF, 0xFFFF, 
    0xFFFF, 0xFFFF, 0xFFFF, 0xD6BA, 0x73AE, 0x8430, 0xFFFF, 0xFFFF, 
    0xFFFF, 0xFFFF, 0xFFFF, 0xFFFF, 0xFFFF, 0xFFFF, 0xFFFF, 0xFFFF, 
    0xCE79, 0xCE59, 0xD6BA, 0x52AA, 0x2124, 0x2945, 0x18C3, 0x0000, 
    0x0000, 0x0020, 0x0000, 0x0000, 0x0000, 0x1082, 0x52AA, 0x5ACB, 
    0x5AEB, 0x5ACB, 0x632C, 0xB5B6, 0xA514, 0x39C7, 0x39E7, 0x4A69, 
    0x632C, 0x632C, 0x2104, 0x31A6, 0x6B6D, 0x2124, 0x0020, 0x6B6D, 
    0x5AEB, 0x528A, 0xA534, 0xB596, 0xAD75, 0xB5B6, 0xBDF7, 0xC618, 
    0xC638, 0xDEFB, 0xFFFF, 0xFFFF, 0xFFFF, 0xFFFF, 0xFFFF, 0xFFFF, 
    0xFFFF, 0xFFFF, 0xFFFF, 0xFFFF, 0xFFFF, 0xFFFF, 0xFFFF, 0xFFFF, 
    0xFFFF, 0xFFFF, 0xFFFF, 0x632C, 0x0000, 0x0020, 0x0020, 0x1082, 
    0x2124, 0x39C7, 0x18E3, 0x18E3, 0x39C7, 0x4208, 0x2124, 0x3186, 
    0x2124, 0x39E7, 0x10A2, 0x0000, 0x0000, 0x0000, 0x0000, 0x0841, 
    0x31A6, 0x31A6, 0x39C7, 0x39C7, 0x39C7, 0x31A6, 0x6B4D, 0x52AA, 
    0x4208, 0x528A, 0x6B4D, 0xD69A, 0xE71C, 0xEF5D, 0xF79E, 0xFFDF, 
    0xFFFF, 0xF7BE, 0x7BEF, 0xE73C, 0xFFFF, 0xFFFF, 0xFFFF, 0xFFFF, 
    0xFFFF, 0xFFFF, 0xFFFF, 0xFFFF, 0xFFFF, 0xFFFF, 0xFFFF, 0xFFFF, 
    0xFFFF, 0xFFFF, 0xFFFF, 0xFFFF, 0xFFDF, 0xB5B6, 0xF79E, 0xFFFF, 
    0xFFFF, 0xFFFF, 0xFFFF, 0xFFFF, 0xFFFF, 0xFFFF, 0xFFFF, 0xFFFF, 
    0xFFFF, 0xBDD7, 0xA514, 0x6B6D, 0x0000, 0x31A6, 0x10A2, 0x0000, 
    0x0000, 0x0000, 0x0000, 0x0000, 0x0000, 0x2945, 0x5ACB, 0x528A, 
    0x5ACB, 0x52AA, 0x5ACB, 0x7BEF, 0x630C, 0x2124, 0x39C7, 0x3186, 
    0x4A69, 0x4A49, 0x4228, 0x18C3, 0x528A, 0x0000, 0x39E7, 0x9492, 
    0x94B2, 0x4228, 0x94B2, 0xAD55, 0xAD55, 0xB5B6, 0xBDD7, 0xC618, 
    0xC638, 0xD69A, 0xFFFF, 0xFFFF, 0xFFFF, 0xFFFF, 0xFFFF, 0xFFFF, 
    0xFFFF, 0xFFFF, 0xFFFF, 0xFFFF, 0xFFFF, 0xFFFF, 0xFFFF, 0xFFFF, 
    0xFFFF, 0xFFFF, 0xFFFF, 0xCE79, 0x2104, 0x0020, 0x3186, 0x39E7, 
    0x18C3, 0x4208, 0x0841, 0x2124, 0x4A49, 0x4208, 0x2965, 0x31A6, 
    0x2124, 0x31A6, 0x2965, 0x0000, 0x0000, 0x0000, 0x0000, 0x0020, 
    0x2104, 0x10A2, 0x1082, 0x1082, 0x0841, 0x0841, 0x10A2, 0x18C3, 
    0x0861, 0x10A2, 0x2124, 0x4A49, 0x5AEB, 0x6B4D, 0x73AE, 0x7BEF, 
    0x73AE, 0x7BCF, 0x4A49, 0x632C, 0xF7BE, 0xFFFF, 0xFFFF, 0xFFFF, 
    0xFFFF, 0xFFFF, 0xFFFF, 0xFFFF, 0xFFFF, 0xFFFF, 0xFFFF, 0xFFFF, 
    0xFFFF, 0xFFFF, 0xFFFF, 0xFFFF, 0xFFFF, 0xFFFF, 0xFFFF, 0xFFFF, 
    0xFFFF, 0xFFFF, 0xFFFF, 0xFFFF, 0xFFFF, 0xFFFF, 0xFFFF, 0xFFFF, 
    0xFFFF, 0xF79E, 0x7BEF, 0x39E7, 0x3186, 0x0841, 0x0000, 0x0000, 
    0x0000, 0x0000, 0x0000, 0x0000, 0x0000, 0x39E7, 0x4A69, 0x528A, 
    0x5ACB, 0x52AA, 0x528A, 0x4A49, 0x18E3, 0x4228, 0x2965, 0x31A6, 
    0x2965, 0x2124, 0x31A6, 0x2124, 0x2104, 0x0861, 0x6B4D, 0x8410, 
    0x94B2, 0x528A, 0x6B6D, 0xA534, 0xA534, 0xB596, 0xB5B6, 0xBDF7, 
    0xC618, 0xCE59, 0xF7BE, 0xFFFF, 0xFFFF, 0xFFFF, 0xFFFF, 0xFFFF, 
    0xFFFF, 0xFFFF, 0xFFFF, 0xFFFF, 0xFFFF, 0xFFFF, 0xFFFF, 0xFFFF, 
    0xFFFF, 0xFFFF, 0xFFFF, 0xFFFF, 0x52AA, 0x39C7, 0x52AA, 0x39E7, 
    0x18E3, 0x4208, 0x39C7, 0x39E7, 0x39E7, 0x4208, 0x39C7, 0x2965, 
    0x3186, 0x2104, 0x39C7, 0x0000, 0x0000, 0x0000, 0x0000, 0x0000, 
    0x18E3, 0x31A6, 0x31A6, 0x31A6, 0x39C7, 0x39E7, 0x4208, 0x4228, 
    0x4A49, 0x528A, 0x5AEB, 0xCE59, 0xFFFF, 0xFFDF, 0xF7BE, 0xE73C, 
    0xDEDB, 0xD6BA, 0xAD55, 0x4A49, 0x738E, 0xD69A, 0xDEFB, 0xDEFB, 
    0xDEDB, 0xDEDB, 0xDEFB, 0xEF7D, 0xFFFF, 0xFFFF, 0xFFFF, 0xFFFF, 
    0xFFFF, 0xFFFF, 0xFFFF, 0xFFFF, 0xFFFF, 0xFFFF, 0xFFFF, 0xFFFF, 
    0xFFFF, 0xFFFF, 0xFFFF, 0xFFFF, 0xFFFF, 0xFFFF, 0xFFFF, 0xFFFF, 
    0xFFFF, 0xDEDB, 0x8410, 0x2104, 0x2945, 0x0000, 0x0000, 0x0000, 
    0x0000, 0x0000, 0x0020, 0x31A6, 0x4A49, 0x4A49, 0x39C7, 0x5ACB, 
    0x52AA, 0x52AA, 0x528A, 0x18E3, 0x31A6, 0x528A, 0x4208, 0x2104, 
    0x31A6, 0x528A, 0x3186, 0x18C3, 0x0000, 0x2124, 0x73AE, 0x73AE, 
    0x8C51, 0x738E, 0x4A69, 0xA534, 0xA514, 0xAD75, 0xB5B6, 0xBDD7, 
    0xC618, 0xC618, 0xDEDB, 0xFFFF, 0xFFFF, 0xFFFF, 0xFFFF, 0xFFFF, 
    0xFFFF, 0xFFFF, 0xFFFF, 0xFFFF, 0xFFFF, 0xFFFF, 0xFFFF, 0xFFFF, 
    0xFFFF, 0xFFFF, 0xFFFF, 0xFFFF, 0x73AE, 0x4208, 0x52AA, 0x4228, 
    0x2124, 0x5AEB, 0x4A69, 0x39E7, 0x39E7, 0x4208, 0x2965, 0x3186, 
    0x39E7, 0x18E3, 0x2945, 0x0020, 0x0000, 0x0000, 0x0000, 0x0000, 
    0x18E3, 0x39E7, 0x31A6, 0x3186, 0x39C7, 0x4208, 0x4A49, 0x528A, 
    0x52AA, 0x5AEB, 0x52AA, 0xA534, 0xE71C, 0xDEDB, 0xF7BE, 0xFFFF, 
    0xFFFF, 0xFFFF, 0xFFFF, 0xAD55, 0x8410, 0x630C, 0x632C, 0x632C, 
    0x632C, 0x5AEB, 0x52AA, 0x52AA, 0x632C, 0xA534, 0xEF5D, 0xFFFF, 
    0xFFFF, 0xFFFF, 0xFFFF, 0xFFFF, 0xFFFF, 0xFFFF, 0xFFFF, 0xFFFF, 
    0xFFFF, 0xFFFF, 0xFFFF, 0xFFFF, 0xFFFF, 0xFFFF, 0xFFFF, 0xFFFF, 
    0xFFFF, 0xB596, 0x7BEF, 0x6B4D, 0x0000, 0x0020, 0x0000, 0x0000, 
    0x0000, 0x0000, 0x1082, 0x31A6, 0x39E7, 0x31A6, 0x4208, 0x5ACB, 
    0x52AA, 0x528A, 0x4228, 0x18C3, 0x4A69, 0x4228, 0x4A49, 0x528A, 
    0x52AA, 0x52AA, 0x5ACB, 0x39C7, 0x0000, 0x31A6, 0x73AE, 0x7BEF, 
    0x8430, 0x9492, 0x4228, 0x7BCF, 0xAD75, 0xA534, 0xAD75, 0xBDD7, 
    0xBDF7, 0xC618, 0xCE59, 0xF7BE, 0xFFFF, 0xFFFF, 0xFFFF, 0xFFFF, 
    0xFFFF, 0xFFFF, 0xFFFF, 0xFFFF, 0xFFFF, 0xFFFF, 0xFFFF, 0xFFFF, 
    0xFFFF, 0xFFFF, 0xFFFF, 0xFFFF, 0x8C71, 0x39E7, 0x5ACB, 0x4A49, 
    0x39C7, 0x73AE, 0x630C, 0x4208, 0x31A6, 0x2104, 0x3186, 0x31A6, 
    0x31A6, 0x3186, 0x10A2, 0x0000, 0x0000, 0x0000, 0x0000, 0x0000, 
    0x0861, 0x2965, 0x2124, 0x3186, 0x3186, 0x4A49, 0x4A49, 0x4A69, 
    0x5ACB, 0x4A69, 0x4A69, 0xA534, 0xEF7D, 0xDEDB, 0xBDF7, 0xFFDF, 
    0xFFFF, 0xFFFF, 0xFFFF, 0xF7BE, 0xFFDF, 0xFFFF, 0xF79E, 0xF79E, 
    0xF7BE, 0xEF7D, 0xD6BA, 0xB596, 0x73AE, 0x31A6, 0x39C7, 0x8C71, 
    0xDEFB, 0xFFFF, 0xFFFF, 0xFFFF, 0xF7BE, 0xFFFF, 0xFFFF, 0xFFFF, 
    0xFFFF, 0xFFFF, 0xFFFF, 0xFFFF, 0xFFFF, 0xFFFF, 0xFFFF, 0xFFFF, 
    0xDEFB, 0x8C71, 0xAD75, 0x18C3, 0x0000, 0x0000, 0x0000, 0x0000, 
    0x0000, 0x0000, 0x0000, 0x0000, 0x0861, 0x2965, 0x52AA, 0x52AA, 
    0x528A, 0x4A69, 0x4A69, 0x2945, 0x2104, 0x4A49, 0x4228, 0x4208, 
    0x4A49, 0x632C, 0x528A, 0x5ACB, 0x0861, 0x2945, 0x7BCF, 0x7BCF, 
    0x8430, 0x9492, 0x8C51, 0x39C7, 0x9492, 0xAD75, 0xAD55, 0xB5B6, 
    0xBDD7, 0xC618, 0xC638, 0xD6BA, 0xFFFF, 0xFFFF, 0xFFFF, 0xFFFF, 
    0xFFFF, 0xFFFF, 0xFFFF, 0xFFFF, 0xFFFF, 0xFFFF, 0xFFFF, 0xFFFF, 
    0xFFFF, 0xFFFF, 0xFFFF, 0xFFFF, 0x9492, 0x31A6, 0x52AA, 0x4A49, 
    0x39C7, 0x630C, 0x5ACB, 0x2965, 0x2104, 0x31A6, 0x2965, 0x10A2, 
    0x2104, 0x39C7, 0x0841, 0x0000, 0x0000, 0x0000, 0x0000, 0x0000, 
    0x0000, 0x18E3, 0x31A6, 0x2104, 0x31A6, 0x4A69, 0x4A49, 0x528A, 
    0x4A49, 0x4A69, 0x6B4D, 0x73AE, 0xA534, 0xCE59, 0xC618, 0xFFFF, 
    0xFFFF, 0xFFFF, 0xFFFF, 0xFFFF, 0xFFFF, 0xDEFB, 0xE73C, 0xFFFF, 
    0xFFFF, 0xFFFF, 0xFFFF, 0xFFFF, 0xFFFF, 0xDEDB, 0x73AE, 0x2945, 
    0x31A6, 0x6B6D, 0x9CD3, 0x9492, 0xCE59, 0xFFFF, 0xFFFF, 0xFFFF, 
    0xFFFF, 0xFFFF, 0xFFFF, 0xFFFF, 0xFFFF, 0xFFFF, 0xFFFF, 0xFFFF, 
    0xAD75, 0xBDD7, 0x3186, 0x0000, 0x0000, 0x0000, 0x0000, 0x0000, 
    0x0000, 0x0000, 0x0000, 0x0000, 0x0020, 0x4208, 0x5ACB, 0x528A, 
    0x528A, 0x4A69, 0x4208, 0x2945, 0x2104, 0x2124, 0x3186, 0x2945, 
    0x2124, 0x4A69, 0x5ACB, 0x5AEB, 0x2965, 0x2965, 0x73AE, 0x7BCF, 
    0x8430, 0x8C71, 0x9CF3, 0x7BCF, 0x39E7, 0x94B2, 0xB596, 0xAD75, 
    0xB5B6, 0xBDF7, 0xC618, 0xC618, 0xDEFB, 0xFFFF, 0xFFFF, 0xFFFF, 
    0xFFFF, 0xFFFF, 0xFFFF, 0xFFFF, 0xFFFF, 0xFFFF, 0xFFFF, 0xFFFF, 
    0xFFFF, 0xFFFF, 0xFFFF, 0xFFFF, 0x8410, 0x3186, 0x52AA, 0x4228, 
    0x2124, 0x2965, 0x4228, 0x2104, 0x3186, 0x31A6, 0x18C3, 0x39C7, 
    0x2104, 0x10A2, 0x0861, 0x0000, 0x0000, 0x0000, 0x0000, 0x0000, 
    0x0000, 0x1082, 0x2104, 0x31A6, 0x4228, 0x4A49, 0x4A69, 0x52AA, 
    0x4208, 0x5ACB, 0x528A, 0x5ACB, 0xAD55, 0x8C51, 0xA534, 0xFFFF, 
    0xFFFF, 0xFFFF, 0xFFFF, 0xFFFF, 0xF7BE, 0xD6BA, 0xCE79, 0xFFFF, 
    0xFFFF, 0xFFFF, 0xFFFF, 0xFFDF, 0xE71C, 0xFFDF, 0xFFFF, 0x94B2, 
    0x18C3, 0x2124, 0x39E7, 0x6B6D, 0xDEFB, 0xFFFF, 0xFFFF, 0xFFFF, 
    0xFFFF, 0xFFFF, 0xFFFF, 0xFFFF, 0xFFFF, 0xFFFF, 0xFFFF, 0xE71C, 
    0xB5B6, 0x632C, 0x0000, 0x0841, 0x0000, 0x0000, 0x0000, 0x0020, 
    0x0000, 0x0000, 0x0000, 0x0000, 0x18C3, 0x528A, 0x5ACB, 0x528A, 
    0x4228, 0x4A69, 0x2124, 0x0841, 0x39E7, 0x2965, 0x18C3, 0x4A49, 
    0x39E7, 0x2965, 0x52AA, 0x5AEB, 0x4208, 0x18C3, 0x73AE, 0x73AE, 
    0x8410, 0x8C71, 0x94B2, 0xA514, 0x8C51, 0x39E7, 0x7BCF, 0xCE59, 
    0xCE59, 0xB5B6, 0xBDF7, 0xC618, 0xBDF7, 0xDEFB, 0xFFFF, 0xFFFF, 
    0xFFFF, 0xFFFF, 0xFFFF, 0xFFFF, 0xFFFF, 0xFFFF, 0xFFFF, 0xFFFF, 
    0xEF5D, 0xFFFF, 0xFFFF, 0xFFFF, 0x9492, 0x2124, 0x4A49, 0x4228, 
    0x2945, 0x0861, 0x39C7, 0x3186, 0x10A2, 0x18C3, 0x39C7, 0x39C7, 
    0x31A6, 0x2124, 0x18C3, 0x0000, 0x0000, 0x18C3, 0x10A2, 0x0000, 
    0x0000, 0x0000, 0x10A2, 0x39E7, 0x4208, 0x4A69, 0x528A, 0x5ACB, 
    0x39E7, 0x52AA, 0x4228, 0x630C, 0x9CF3, 0xF79E, 0xC638, 0xDEDB, 
    0xFFFF, 0xFFFF, 0xFFFF, 0xFFFF, 0xDEDB, 0xF79E, 0xCE59, 0xFFDF, 
    0xFFFF, 0xFFFF, 0xFFFF, 0xDEFB, 0xCE59, 0xCE79, 0xBDD7, 0x630C, 
    0x39E7, 0x9492, 0xEF5D, 0xD69A, 0x8C51, 0xA514, 0xEF5D, 0xFFFF, 
    0xFFFF, 0xFFFF, 0xFFFF, 0xFFFF, 0xFFFF, 0xFFFF, 0xFFFF, 0xFFDF, 
    0x9492, 0x0020, 0x0000, 0x0000, 0x0000, 0x0020, 0x0841, 0x0841, 
    0x0000, 0x0000, 0x0000, 0x0000, 0x2124, 0x4208, 0x528A, 0x528A, 
    0x4A49, 0x4208, 0x31A6, 0x5ACB, 0x3186, 0x4228, 0x4208, 0x4228, 
    0x4A49, 0x2965, 0x528A, 0x5AEB, 0x4A69, 0x0841, 0x4208, 0x73AE, 
    0x8C51, 0x9CD3, 0x9492, 0x94B2, 0xAD55, 0x9CD3, 0x528A, 0x630C, 
    0x9CF3, 0xBDD7, 0xBDF7, 0xBDD7, 0xBDF7, 0xBDD7, 0xE71C, 0xFFFF, 
    0xFFFF, 0xFFFF, 0xFFFF, 0xF7BE, 0xE73C, 0xCE59, 0x9CF3, 0x8C71, 
    0xBDD7, 0xFFFF, 0xFFFF, 0xFFFF, 0x9492, 0x10A2, 0x4A49, 0x4208, 
    0x39C7, 0x0841, 0x2965, 0x31A6, 0x4A49, 0x528A, 0x31A6, 0x39C7, 
    0x31A6, 0x39C7, 0x1082, 0x0000, 0x0000, 0x0841, 0x0020, 0x0000, 
    0x0000, 0x0000, 0x0020, 0x39E7, 0x2965, 0x4208, 0x52AA, 0x5ACB, 
    0x4208, 0x4A69, 0x528A, 0x4A69, 0x9CF3, 0xAD75, 0xD6BA, 0xE71C, 
    0xFFFF, 0xFFFF, 0xFFFF, 0xEF5D, 0xDEDB, 0xCE79, 0xC638, 0xF7BE, 
    0xFFFF, 0xFFFF, 0xFFFF, 0xE73C, 0xD6BA, 0xF7BE, 0xEF5D, 0x8C51, 
    0x6B4D, 0xEF7D, 0xFFFF, 0xFFFF, 0xFFFF, 0xCE79, 0x9CF3, 0xBDD7, 
    0xF7BE, 0xFFFF, 0xFFFF, 0xFFFF, 0xFFFF, 0xFFFF, 0xFFFF, 0xCE79, 
    0x10A2, 0x0000, 0x0000, 0x0000, 0x0020, 0x0020, 0x0861, 0x0861, 
    0x0000, 0x0000, 0x0000, 0x0000, 0x18C3, 0x4228, 0x4A49, 0x4A49, 
    0x4A49, 0x39C7, 0x4228, 0x528A, 0x2104, 0x4228, 0x4208, 0x4A69, 
    0x4208, 0x31A6, 0x52AA, 0x5AEB, 0x39E7, 0x39C7, 0x0020, 0x4A49, 
    0x94B2, 0x9CF3, 0x9CD3, 0x9CD3, 0x9CF3, 0xAD55, 0xAD55, 0x73AE, 
    0x4A49, 0x630C, 0x94B2, 0xB5B6, 0xC618, 0xC618, 0xBDF7, 0xD69A, 
    0xDEDB, 0xCE79, 0xBDD7, 0x9492, 0x738E, 0x5ACB, 0x630C, 0xC618, 
    0xFFFF, 0xFFFF, 0xFFFF, 0xFFFF, 0x4A69, 0x2124, 0x4A69, 0x39E7, 
    0x39E7, 0x1082, 0x2104, 0x31A6, 0x39C7, 0x4208, 0x31A6, 0x39C7, 
    0x39C7, 0x31A6, 0x0861, 0x0000, 0x0000, 0x0000, 0x0020, 0x0000, 
    0x0000, 0x0000, 0x0000, 0x10A2, 0x18E3, 0x2965, 0x528A, 0x528A, 
    0x52AA, 0x3186, 0x52AA, 0x5AEB, 0xBDF7, 0x94B2, 0xD6BA, 0xD6BA, 
    0xFFFF, 0xFFFF, 0xF7BE, 0xD69A, 0xB596, 0xCE59, 0xC638, 0xEF7D, 
    0xFFFF, 0xFFFF, 0xFFFF, 0xFFFF, 0xEF5D, 0xD69A, 0xFFFF, 0xEF7D, 
    0xD6BA, 0xB5B6, 0xFFFF, 0xFFFF, 0xFFFF, 0xFFFF, 0xFFFF, 0xC638, 
    0xA534, 0xD69A, 0xFFFF, 0xFFFF, 0xFFFF, 0xFFFF, 0xF7BE, 0x4208, 
    0x0000, 0x0020, 0x0000, 0x0000, 0x0000, 0x0841, 0x2945, 0x10A2, 
    0x0000, 0x0000, 0x0000, 0x0000, 0x18E3, 0x4228, 0x39E7, 0x4A49, 
    0x4A49, 0x31A6, 0x2104, 0x39E7, 0x18E3, 0x2945, 0x39E7, 0x39E7, 
    0x2945, 0x4228, 0x52AA, 0x52AA, 0x2124, 0x632C, 0x3186, 0x0000, 
    0x630C, 0x9492, 0x9492, 0x94B2, 0xA514, 0xA514, 0xAD55, 0xBDD7, 
    0xBDD7, 0x7BEF, 0x4A69, 0x4A49, 0x5ACB, 0x738E, 0xAD75, 0xB5B6, 
    0xB596, 0xAD75, 0xAD55, 0xB5B6, 0xCE59, 0xD6BA, 0xFFDF, 0xFFFF, 
    0xFFFF, 0xFFFF, 0xFFFF, 0xD69A, 0x2104, 0x4208, 0x4228, 0x39E7, 
    0x4208, 0x18C3, 0x1082, 0x31A6, 0x2965, 0x31A6, 0x39C7, 0x39C7, 
    0x31A6, 0x39C7, 0x0841, 0x0000, 0x0000, 0x0000, 0x0000, 0x0000, 
    0x0000, 0x0000, 0x0000, 0x0020, 0x2104, 0x2965, 0x528A, 0x528A, 
    0x5AEB, 0x528A, 0x31A6, 0x39E7, 0x6B4D, 0x8C51, 0x9CD3, 0xEF7D, 
    0xFFFF, 0xFFFF, 0xBDF7, 0xCE79, 0xCE79, 0xA514, 0xC618, 0xDEDB, 
    0xFFFF, 0xFFFF, 0xFFFF, 0xFFFF, 0xE73C, 0xDEFB, 0xD6BA, 0xAD55, 
    0xCE59, 0xD69A, 0xFFFF, 0xFFFF, 0xFFFF, 0xFFFF, 0xFFFF, 0xFFFF, 
    0xF79E, 0xB5B6, 0xAD55, 0xE73C, 0xFFFF, 0xFFFF, 0x7BCF, 0x0000, 
    0x0000, 0x0000, 0x0000, 0x0020, 0x0020, 0x0020, 0x0020, 0x0861, 
    0x0000, 0x0000, 0x0000, 0x0000, 0x0841, 0x3186, 0x39E7, 0x4228, 
    0x4228, 0x4228, 0x2104, 0x31A6, 0x4208, 0x2124, 0x2124, 0x2945, 
    0x39E7, 0x528A, 0x5ACB, 0x39C7, 0x39C7, 0x6B4D, 0x6B4D, 0x18C3, 
    0x1082, 0x6B4D, 0x94B2, 0x94B2, 0x9CD3, 0xA534, 0xA534, 0xAD55, 
    0xB5B6, 0xBDD7, 0xBDD7, 0xA514, 0x8C71, 0x94B2, 0xB596, 0xBDF7, 
    0xC618, 0xCE79, 0xFFDF, 0xFFFF, 0xFFFF, 0xFFFF, 0xFFFF, 0xFFFF, 
    0xFFFF, 0xFFFF, 0xFFFF, 0x6B6D, 0x18C3, 0x528A, 0x39E7, 0x39C7, 
    0x39E7, 0x2124, 0x0841, 0x3186, 0x39E7, 0x31A6, 0x31A6, 0x31A6, 
    0x31A6, 0x3186, 0x0020, 0x0000, 0x0000, 0x0000, 0x1082, 0x0841, 
    0x0841, 0x10A2, 0x0000, 0x0000, 0x0861, 0x4A49, 0x4228, 0x4A49, 
    0x4A49, 0x528A, 0x52AA, 0x4A49, 0x9CF3, 0xF79E, 0xF7BE, 0xFFFF, 
    0xFFFF, 0xFFFF, 0xF7BE, 0xCE59, 0xBDD7, 0xBDF7, 0xBDF7, 0xC638, 
    0xFFFF, 0xFFFF, 0xFFFF, 0xFFFF, 0xC638, 0xE71C, 0xDEDB, 0xF79E, 
    0xBDD7, 0xF79E, 0xFFFF, 0xFFFF, 0xFFFF, 0xFFFF, 0xFFFF, 0xFFFF, 
    0xFFFF, 0xFFFF, 0xE73C, 0xAD55, 0xC618, 0xB596, 0x0841, 0x0020, 
    0x0000, 0x0000, 0x0000, 0x0020, 0x0020, 0x0841, 0x0861, 0x0861, 
    0x0000, 0x0000, 0x0000, 0x0000, 0x0000, 0x10A2, 0x4208, 0x4208, 
    0x4228, 0x4228, 0x39E7, 0x10A2, 0x2965, 0x4A49, 0x4208, 0x4228, 
    0x4A69, 0x4A69, 0x4A49, 0x39C7, 0x632C, 0x6B6D, 0x73AE, 0x6B4D, 
    0x10A2, 0x1082, 0x5AEB, 0x94B2, 0xA514, 0x9CF3, 0xA514, 0xAD55, 
    0xAD55, 0xAD75, 0xAD75, 0xBDD7, 0xBDF7, 0xBDD7, 0xCE79, 0xF7BE, 
    0xFFFF, 0xFFFF, 0xFFFF, 0xFFFF, 0xFFFF, 0xFFFF, 0xFFFF, 0xFFFF, 
    0xFFDF, 0xFFFF, 0xCE79, 0x2104, 0x39C7, 0x4A49, 0x4A49, 0x39C7, 
    0x31A6, 0x3186, 0x0020, 0x2124, 0x39C7, 0x3186, 0x31A6, 0x31A6, 
    0x2965, 0x10A2, 0x0000, 0x0000, 0x0000, 0x0861, 0x39C7, 0x31A6, 
    0x0020, 0x31A6, 0x1082, 0x0000, 0x0000, 0x10A2, 0x18E3, 0x18E3, 
    0x2124, 0x2945, 0x2965, 0x39C7, 0x4A49, 0x7BCF, 0x9492, 0xA514, 
    0xB5B6, 0xC638, 0xDEFB, 0xFFDF, 0xFFFF, 0xE73C, 0x94B2, 0xCE79, 
    0xFFFF, 0xFFFF, 0xFFFF, 0xFFFF, 0xBDD7, 0xD69A, 0xEF5D, 0xFFFF, 
    0xFFFF, 0xFFFF, 0xFFFF, 0xFFFF, 0xD6BA, 0xCE59, 0xC618, 0xE73C, 
    0xFFFF, 0xFFFF, 0xFFFF, 0xFFFF, 0xB596, 0x18C3, 0x0000, 0x0000, 
    0x0000, 0x0000, 0x0000, 0x0020, 0x0020, 0x0841, 0x0841, 0x0861, 
    0x0000, 0x0000, 0x0000, 0x1082, 0x0020, 0x0000, 0x2124, 0x4208, 
    0x39E7, 0x39E7, 0x4208, 0x39E7, 0x2124, 0x2124, 0x3186, 0x31A6, 
    0x3186, 0x2124, 0x4A69, 0x6B6D, 0x6B4D, 0x73AE, 0x73AE, 0x8430, 
    0x73AE, 0x2124, 0x0020, 0x31A6, 0x7BCF, 0xA534, 0xA534, 0xA534, 
    0xA534, 0xA534, 0xAD55, 0xAD75, 0xAD75, 0xCE79, 0xFFFF, 0xFFFF, 
    0xFFFF, 0xFFFF, 0xFFFF, 0xFFFF, 0xFFFF, 0xFFFF, 0xFFFF, 0xFFFF, 
    0xFFFF, 0xCE79, 0x4A49, 0x39C7, 0x4A49, 0x39E7, 0x5AEB, 0x4228, 
    0x3186, 0x3186, 0x0861, 0x18E3, 0x3186, 0x2965, 0x3186, 0x2945, 
    0x18C3, 0x2965, 0x0020, 0x0000, 0x0861, 0x2945, 0x2124, 0x4228, 
    0x18E3, 0x0861, 0x4A69, 0x2945, 0x0020, 0x0020, 0x4228, 0x52AA, 
    0x5AEB, 0x630C, 0x6B4D, 0x73AE, 0x9CD3, 0xEF7D, 0xF79E, 0xE73C, 
    0xD69A, 0xB5B6, 0x9CF3, 0x9492, 0x9CD3, 0xBDD7, 0xDEFB, 0xFFDF, 
    0xFFFF, 0xFFFF, 0xFFFF, 0xFFFF, 0xCE59, 0xC618, 0xFFFF, 0xFFFF, 
    0xFFFF, 0xFFFF, 0xFFFF, 0xC638, 0xDEDB, 0xFFDF, 0xF79E, 0xDEFB, 
    0xFFFF, 0xFFFF, 0xFFDF, 0xFFFF, 0x6B4D, 0x0000, 0x18E3, 0x0861, 
    0x0000, 0x0000, 0x0000, 0x0000, 0x0020, 0x0020, 0x0841, 0x0861, 
    0x0000, 0x0000, 0x0000, 0x18C3, 0x18E3, 0x0000, 0x0000, 0x2965, 
    0x39E7, 0x39C7, 0x39C7, 0x4208, 0x4208, 0x39E7, 0x3186, 0x31A6, 
    0x39C7, 0x528A, 0x630C, 0x6B6D, 0xAD55, 0xC638, 0x9CF3, 0x8430, 
    0x9492, 0x8430, 0x39C7, 0x0841, 0x0841, 0x39E7, 0x738E, 0x94B2, 
    0xA534, 0xB596, 0xB5B6, 0xBDF7, 0xBDD7, 0xDEFB, 0xFFFF, 0xFFFF, 
    0xFFFF, 0xFFFF, 0xFFFF, 0xFFFF, 0xFFFF, 0xFFFF, 0xFFFF, 0xFFFF, 
    0xB5B6, 0x2124, 0x31A6, 0x52AA, 0x4208, 0x4228, 0x4228, 0x39E7, 
    0x3186, 0x31A6, 0x18C3, 0x0841, 0x3186, 0x3186, 0x3186, 0x18C3, 
    0x2124, 0x2104, 0x0000, 0x0020, 0x2945, 0x2965, 0x2945, 0x39E7, 
    0x4208, 0x10A2, 0x2945, 0x52AA, 0x4208, 0x18C3, 0x2124, 0x5ACB, 
    0x5ACB, 0x630C, 0x632C, 0x6B6D, 0x8430, 0xEF7D, 0xFFFF, 0xFFFF, 
    0xFFFF, 0xFFFF, 0xFFFF, 0xFFDF, 0xE71C, 0xC618, 0xAD55, 0x9CD3, 
    0xAD75, 0xD6BA, 0xF7BE, 0xFFFF, 0xFFFF, 0xFFFF, 0xFFFF, 0xFFFF, 
    0xFFFF, 0xFFFF, 0xF79E, 0xCE79, 0xFFFF, 0xD6BA, 0xBDF7, 0xE73C, 
    0xFFFF, 0xFFFF, 0xFFFF, 0xB5B6, 0x0841, 0x0000, 0x2965, 0x4228, 
    0x0020, 0x0000, 0x0000, 0x0000, 0x0020, 0x0020, 0x0841, 0x0861, 
    0x0000, 0x0000, 0x0000, 0x0861, 0x4208, 0x2124, 0x0000, 0x0000, 
    0x2945, 0x39C7, 0x31A6, 0x39C7, 0x39E7, 0x4208, 0x4228, 0x4A49, 
    0x52AA, 0x5AEB, 0x7BEF, 0xD6BA, 0xFFFF, 0xFFFF, 0xFFFF, 0xEF5D, 
    0xBDF7, 0xAD75, 0xA514, 0x73AE, 0x18C3, 0x0000, 0x0000, 0x10A2, 
    0x31A6, 0x4A69, 0x738E, 0x94B2, 0xAD55, 0xBDD7, 0xEF7D, 0xFFFF, 
    0xFFFF, 0xFFFF, 0xF7BE, 0xEF5D, 0xDEFB, 0xCE79, 0x94B2, 0x528A, 
    0x18E3, 0x2104, 0x4228, 0x4A49, 0x39E7, 0x528A, 0x4A49, 0x39C7, 
    0x31A6, 0x31A6, 0x2965, 0x0020, 0x2124, 0x2965, 0x3186, 0x18C3, 
    0x2124, 0x0861, 0x0000, 0x0861, 0x2965, 0x2945, 0x2965, 0x4A49, 
    0x4A49, 0x4228, 0x0020, 0x39E7, 0x5ACB, 0x4A49, 0x1082, 0x4228, 
    0x5AEB, 0x630C, 0x6B4D, 0x73AE, 0x8410, 0xDEFB, 0xFFFF, 0xFFFF, 
    0xFFFF, 0xFFFF, 0xFFFF, 0xFFFF, 0xFFFF, 0xFFFF, 0xFFFF, 0xF7BE, 
    0xD6BA, 0xB596, 0xA514, 0xBDD7, 0xDEDB, 0xFFFF, 0xFFFF, 0xFFFF, 
    0xFFFF, 0xFFFF, 0xE71C, 0xDEDB, 0xF79E, 0xD69A, 0xF79E, 0xFFDF, 
    0xFFFF, 0xFFFF, 0xEF5D, 0x31A6, 0x0000, 0x0000, 0x0000, 0x0020, 
    0x0000, 0x0000, 0x0000, 0x0000, 0x0000, 0x0020, 0x0841, 0x0841, 
    0x0000, 0x0020, 0x0000, 0x2124, 0x4208, 0x39E7, 0x2104, 0x0000, 
    0x0000, 0x2945, 0x39C7, 0x3186, 0x39C7, 0x4208, 0x4228, 0x4A49, 
    0x52AA, 0x5AEB, 0xBDD7, 0xFFFF, 0xFFFF, 0xFFFF, 0xD6BA, 0x9492, 
    0xFFFF, 0xFFFF, 0xFFFF, 0xFFFF, 0x39C7, 0x0000, 0x0020, 0x0020, 
    0x0000, 0x18C3, 0x10A2, 0x0000, 0x1082, 0x10A2, 0x3186, 0x4228, 
    0x4A49, 0x4A49, 0x3186, 0x2945, 0x2124, 0x18C3, 0x0841, 0x1082, 
    0x4A49, 0x39C7, 0x39E7, 0x4228, 0x39E7, 0x4208, 0x39E7, 0x39C7, 
    0x31A6, 0x3186, 0x31A6, 0x0861, 0x10A2, 0x3186, 0x2965, 0x10A2, 
    0x18C3, 0x18C3, 0x0000, 0x10A2, 0x31A6, 0x1082, 0x31A6, 0x528A, 
    0x4A69, 0x528A, 0x18E3, 0x0841, 0x52AA, 0x5AEB, 0x31A6, 0x18C3, 
    0x630C, 0x630C, 0x6B4D, 0x7BCF, 0x8410, 0xCE79, 0xFFFF, 0xFFFF, 
    0xFFFF, 0xFFFF, 0xFFFF, 0xFFFF, 0xFFFF, 0xFFFF, 0xFFFF, 0xFFFF, 
    0xFFFF, 0xFFFF, 0xFFDF, 0xD6BA, 0xAD55, 0xA534, 0xCE79, 0xFFDF, 
    0xFFFF, 0xFFFF, 0xEF5D, 0xBDF7, 0xFFFF, 0xE71C, 0xD6BA, 0xFFFF, 
    0xFFFF, 0xFFFF, 0x73AE, 0x0000, 0x0000, 0x0000, 0x0000, 0x0000, 
    0x0000, 0x0000, 0x0000, 0x0000, 0x0000, 0x0020, 0x0841, 0x0841, 
    0x0020, 0x1082, 0x2124, 0x4A69, 0x31A6, 0x31A6, 0x39E7, 0x2104, 
    0x0000, 0x0020, 0x2104, 0x4228, 0x6B4D, 0x4208, 0x4208, 0x4A49, 
    0x52AA, 0x6B4D, 0xE73C, 0xFFFF, 0xFFFF, 0xFFFF, 0xB596, 0xA514, 
    0x8C51, 0xC618, 0xEF7D, 0x8C71, 0x0000, 0x0000, 0x1082, 0x0020, 
    0x0020, 0x1082, 0x2945, 0x4208, 0x2124, 0x2945, 0x2945, 0x0861, 
    0x0000, 0x0000, 0x2965, 0x18C3, 0x0841, 0x31A6, 0x3186, 0x3186, 
    0x632C, 0x2965, 0x3186, 0x4208, 0x4208, 0x39C7, 0x39C7, 0x39C7, 
    0x31A6, 0x3186, 0x3186, 0x2124, 0x0020, 0x2965, 0x39E7, 0x3186, 
    0x1082, 0x0020, 0x0000, 0x10A2, 0x39E7, 0x39E7, 0x4A49, 0x4A69, 
    0x528A, 0x528A, 0x528A, 0x0861, 0x18E3, 0x5ACB, 0x5ACB, 0x18E3, 
    0x31A6, 0x6B4D, 0x6B4D, 0x7BCF, 0x8410, 0xBDF7, 0xFFFF, 0xFFFF, 
    0xFFFF, 0xFFFF, 0xFFFF, 0xFFFF, 0xFFFF, 0xFFFF, 0xFFFF, 0xFFFF, 
    0xFFFF, 0xFFFF, 0xFFFF, 0xFFFF, 0xFFFF, 0xEF7D, 0xC618, 0xAD55, 
    0xC618, 0xF7BE, 0xFFFF, 0xAD55, 0xA514, 0xCE59, 0xD6BA, 0xFFFF, 
    0xFFFF, 0xBDF7, 0x10A2, 0x0020, 0x0000, 0x0020, 0x0841, 0x0000, 
    0x0000, 0x0000, 0x0000, 0x0000, 0x0020, 0x0020, 0x0020, 0x0841, 
    0x0000, 0x0000, 0x18C3, 0x528A, 0x39E7, 0x39C7, 0x39C7, 0x39C7, 
    0x18E3, 0x0000, 0x0000, 0x18E3, 0x3186, 0x39C7, 0x4228, 0x4A49, 
    0x4A49, 0x8C71, 0xFFFF, 0xFFFF, 0xFFFF, 0xFFFF, 0xCE79, 0xBDF7, 
    0xE73C, 0x9CD3, 0x630C, 0x0020, 0x0000, 0x0000, 0x10A2, 0x0000, 
    0x0000, 0x0000, 0x18C3, 0x4A49, 0x2945, 0x39C7, 0x18C3, 0x0000, 
    0x0841, 0x31A6, 0x528A, 0x0841, 0x0841, 0x4228, 0x4A49, 0x2965, 
    0x630C, 0x3186, 0x2965, 0x4208, 0x39E7, 0x39C7, 0x31A6, 0x31A6, 
    0x3186, 0x3186, 0x2965, 0x2965, 0x0841, 0x10A2, 0x52AA, 0x39C7, 
    0x2965, 0x0861, 0x0000, 0x5ACB, 0x4228, 0x4A49, 0x4A69, 0x4A49, 
    0x528A, 0x52AA, 0x52AA, 0x528A, 0x0020, 0x31A6, 0x5ACB, 0x4A49, 
    0x1082, 0x5ACB, 0x6B4D, 0x738E, 0x7BEF, 0xAD55, 0xFFFF, 0xFFFF, 
    0xFFFF, 0xFFFF, 0xFFFF, 0xFFFF, 0xFFFF, 0xFFFF, 0xFFFF, 0xFFFF, 
    0xFFFF, 0xFFFF, 0xFFFF, 0xFFFF, 0xFFFF, 0xFFFF, 0xFFFF, 0xFFDF, 
    0xCE79, 0xAD75, 0xC618, 0xEF7D, 0xB5B6, 0xAD55, 0xF7BE, 0xFFFF, 
    0xF79E, 0x39C7, 0x0000, 0x0000, 0x0841, 0x0861, 0x528A, 0x31A6, 
    0x0000, 0x0000, 0x0000, 0x0000, 0x0000, 0x0000, 0x0020, 0x0841, 
    0x0000, 0x0000, 0x0000, 0x0020, 0x10A2, 0x2945, 0x31A6, 0x39C7, 
    0x39E7, 0x2124, 0x0020, 0x0000, 0x0020, 0x2945, 0x39E7, 0x528A, 
    0x52AA, 0x7BCF, 0xC638, 0xF7BE, 0xFFFF, 0xFFFF, 0xFFFF, 0xB596, 
    0x94B2, 0xD6BA, 0x4228, 0x0000, 0x0000, 0x0000, 0x2104, 0x0020, 
    0x0000, 0x0000, 0x0000, 0x0861, 0x2104, 0x2104, 0x39C7, 0x4A69, 
    0x5AEB, 0x3186, 0x0000, 0x0020, 0x1082, 0x4A69, 0x6B4D, 0x2945, 
    0x5ACB, 0x31A6, 0x3186, 0x39E7, 0x31A6, 0x31A6, 0x31A6, 0x3186, 
    0x31A6, 0x3186, 0x3186, 0x3186, 0x18E3, 0x0841, 0x31A6, 0x2965, 
    0x3186, 0x0861, 0x0020, 0x73AE, 0x4A49, 0x4A49, 0x528A, 0x5ACB, 
    0x4A69, 0x4A69, 0x5AEB, 0x5AEB, 0x31A6, 0x0000, 0x4228, 0x632C, 
    0x3186, 0x18E3, 0x6B4D, 0x6B4D, 0x7BCF, 0x9CD3, 0xFFDF, 0xFFFF, 
    0xFFFF, 0xFFFF, 0xFFFF, 0xFFFF, 0xFFFF, 0xFFFF, 0xFFFF, 0xFFFF, 
    0xFFFF, 0xFFFF, 0xFFFF, 0xFFFF, 0xFFFF, 0xFFFF, 0xFFFF, 0xFFFF, 
    0xFFFF, 0xFFFF, 0xCE79, 0xAD75, 0xD69A, 0xFFFF, 0xFFFF, 0xFFFF, 
    0x73AE, 0x0000, 0x18C3, 0x39E7, 0x2965, 0x10A2, 0x0841, 0x2104, 
    0x0020, 0x0000, 0x0000, 0x0000, 0x0000, 0x0000, 0x0020, 0x0020, 
    0x0000, 0x0000, 0x0000, 0x0000, 0x0000, 0x0000, 0x0841, 0x1082, 
    0x2124, 0x39C7, 0x39C7, 0x18E3, 0x4208, 0x18E3, 0x0000, 0x2124, 
    0x4A49, 0x630C, 0x6B4D, 0x8C51, 0xB596, 0xD69A, 0xFFFF, 0xFFFF, 
    0xE71C, 0x39E7, 0x0000, 0x0020, 0x0000, 0x0020, 0x2945, 0x0020, 
    0x0000, 0x0000, 0x0000, 0x0000, 0x0000, 0x0020, 0x18C3, 0x18E3, 
    0x0841, 0x0000, 0x0000, 0x0020, 0x10A2, 0x39E7, 0x6B6D, 0x10A2, 
    0x4A49, 0x4228, 0x2104, 0x4208, 0x39C7, 0x31A6, 0x31A6, 0x3186, 
    0x3186, 0x3186, 0x2965, 0x2965, 0x2965, 0x0000, 0x2124, 0x31A6, 
    0x3186, 0x0861, 0x0000, 0x632C, 0x8430, 0x4A69, 0x528A, 0x3186, 
    0x39C7, 0x31A6, 0x4208, 0x630C, 0x5ACB, 0x18E3, 0x0861, 0x5ACB, 
    0x630C, 0x18C3, 0x39C7, 0x6B6D, 0x7BCF, 0x8C71, 0xFFDF, 0xFFFF, 
    0xFFFF, 0xFFFF, 0xFFFF, 0xFFFF, 0xFFFF, 0xFFFF, 0xFFFF, 0xFFFF, 
    0xFFFF, 0xFFFF, 0xFFFF, 0xFFFF, 0xFFFF, 0xFFFF, 0xFFFF, 0xFFFF, 
    0xFFFF, 0xFFFF, 0xFFFF, 0xFFDF, 0xC618, 0x9CD3, 0xE71C, 0xC638, 
    0x18C3, 0x0861, 0x2945, 0x2945, 0x0000, 0x0841, 0x0000, 0x0000, 
    0x0000, 0x0000, 0x0000, 0x0000, 0x0000, 0x0000, 0x0000, 0x0020, 
    0x0000, 0x0000, 0x0000, 0x0000, 0x0000, 0x0000, 0x0000, 0x0000, 
    0x0000, 0x0861, 0x2124, 0x39E7, 0x39C7, 0x2945, 0x2945, 0x0861, 
    0x0020, 0x18C3, 0x2965, 0x4A49, 0x5AEB, 0x73AE, 0xAD75, 0xAD75, 
    0x9CF3, 0x10A2, 0x2965, 0x2104, 0x0000, 0x0841, 0x3186, 0x0841, 
    0x0000, 0x0000, 0x0000, 0x0000, 0x0000, 0x0000, 0x0000, 0x0000, 
    0x0000, 0x0000, 0x0000, 0x0020, 0x18E3, 0x3186, 0x5AEB, 0x2124, 
    0x632C, 0x5AEB, 0x2104, 0x3186, 0x31A6, 0x31A6, 0x3186, 0x31A6, 
    0x3186, 0x2965, 0x2965, 0x2945, 0x31A6, 0x18C3, 0x0841, 0x31A6, 
    0x31A6, 0x1082, 0x0000, 0x7BEF, 0xCE79, 0x4A69, 0x31A6, 0x4208, 
    0x4208, 0x528A, 0x4A69, 0x528A, 0x632C, 0x5ACB, 0x0861, 0x2104, 
    0x630C, 0x528A, 0x0861, 0x31A6, 0x52AA, 0x6B4D, 0xE71C, 0xFFFF, 
    0xFFFF, 0xFFFF, 0xFFFF, 0xFFFF, 0xFFFF, 0xFFFF, 0xFFFF, 0xFFFF, 
    0xFFFF, 0xFFFF, 0xFFFF, 0xFFFF, 0xFFFF, 0xFFFF, 0xFFFF, 0xFFFF, 
    0xFFFF, 0xFFFF, 0xFFFF, 0xFFFF, 0xFFFF, 0xEF5D, 0x8C51, 0x2945, 
    0x0020, 0x0861, 0x0841, 0x0020, 0x0000, 0x0000, 0x0000, 0x0000, 
    0x0000, 0x0000, 0x0000, 0x0000, 0x0000, 0x0000, 0x0000, 0x0000, 
    0x0000, 0x0000, 0x0000, 0x0000, 0x0000, 0x0000, 0x0000, 0x0000, 
    0x0000, 0x0000, 0x0000, 0x0861, 0x3186, 0x738E, 0xFFDF, 0xDEDB, 
    0x9CD3, 0x630C, 0x39E7, 0x2945, 0x2965, 0x31A6, 0x39C7, 0x39E7, 
    0x0861, 0x0020, 0x31A6, 0x4A49, 0x0841, 0x0020, 0x39C7, 0x1082, 
    0x0000, 0x0000, 0x0000, 0x0000, 0x0000, 0x0000, 0x0000, 0x0861, 
    0x0861, 0x0000, 0x0000, 0x0000, 0x2104, 0x3186, 0x39E7, 0x3186, 
    0x4228, 0x632C, 0x4A49, 0x3186, 0x31A6, 0x31A6, 0x31A6, 0x31A6, 
    0x3186, 0x3186, 0x2965, 0x3186, 0x39C7, 0x2945, 0x0841, 0x2104, 
    0x39C7, 0x18E3, 0x0000, 0x9492, 0xFFDF, 0x39E7, 0x4A49, 0x39E7, 
    0x31A6, 0x39C7, 0x4228, 0x4228, 0x5AEB, 0x632C, 0x528A, 0x0000, 
    0x31A6, 0x738E, 0x39C7, 0x0000, 0x39E7, 0x39C7, 0x4A49, 0x73AE, 
    0xA534, 0xD6BA, 0xF7BE, 0xFFFF, 0xFFFF, 0xFFFF, 0xFFFF, 0xFFFF, 
    0xFFFF, 0xFFFF, 0xFFFF, 0xFFFF, 0xFFFF, 0xFFFF, 0xFFFF, 0xFFFF, 
    0xFFFF, 0xFFFF, 0xFFFF, 0xFFDF, 0xFFFF, 0xFFFF, 0x630C, 0x0000, 
    0x0020, 0x0000, 0x0020, 0x0020, 0x0020, 0x0020, 0x0000, 0x0000, 
    0x0000, 0x0000, 0x0000, 0x0000, 0x0000, 0x0000, 0x0000, 0x0000, 
    0x0000, 0x0000, 0x0000, 0x0000, 0x0000, 0x0000, 0x0000, 0x0000, 
    0x0000, 0x0000, 0x0000, 0x0020, 0x0000, 0x52AA, 0xE71C, 0xF7BE, 
    0xE73C, 0xD69A, 0x8C71, 0xCE59, 0xE73C, 0xDEFB, 0xEF7D, 0xF7BE, 
    0x2945, 0x0000, 0x18C3, 0x2945, 0x0000, 0x0020, 0x39C7, 0x1082, 
    0x0000, 0x0000, 0x0000, 0x0000, 0x0000, 0x0000, 0x0000, 0x10A2, 
    0x10A2, 0x0000, 0x0000, 0x0020, 0x18C3, 0x4A49, 0x18E3, 0x39C7, 
    0x3186, 0x5AEB, 0x39E7, 0x31A6, 0x31A6, 0x31A6, 0x31A6, 0x31A6, 
    0x3186, 0x3186, 0x2965, 0x3186, 0x2965, 0x3186, 0x18C3, 0x0841, 
    0x39C7, 0x2124, 0x0000, 0xAD55, 0xFFDF, 0x4228, 0x4A69, 0x2945, 
    0x3186, 0x4228, 0x39E7, 0x4228, 0x632C, 0x6B4D, 0x6B6D, 0x4A49, 
    0x0020, 0x4208, 0x6B6D, 0x2124, 0x0841, 0x5AEB, 0x52AA, 0x630C, 
    0x5ACB, 0x528A, 0x5AEB, 0x9492, 0xCE79, 0xFFDF, 0xFFFF, 0xFFFF, 
    0xFFFF, 0xFFFF, 0xFFFF, 0xFFFF, 0xFFFF, 0xFFFF, 0xFFFF, 0xFFFF, 
    0xFFFF, 0xFFFF, 0xFFFF, 0xFFFF, 0xC618, 0x39E7, 0x2104, 0x0841, 
    0x0000, 0x0000, 0x0020, 0x0000, 0x0000, 0x0020, 0x0000, 0x0000, 
    0x0000, 0x0000, 0x0000, 0x0000, 0x0000, 0x0000, 0x0000, 0x0000, 
    0x0000, 0x0000, 0x0000, 0x0000, 0x0000, 0x0000, 0x0000, 0x0000, 
    0x0000, 0x0000, 0x0000, 0x0000, 0x18E3, 0x0861, 0x3186, 0x52AA, 
    0x2945, 0x18E3, 0x738E, 0xF7BE, 0xFFFF, 0xFFFF, 0xFFFF, 0xDEDB, 
    0x1082, 0x0000, 0x0861, 0x0000, 0x0000, 0x0000, 0x39C7, 0x10A2, 
    0x0000, 0x0000, 0x0000, 0x0000, 0x0000, 0x0000, 0x0000, 0x0020, 
    0x0020, 0x0000, 0x0000, 0x0000, 0x18C3, 0x5ACB, 0x2124, 0x4228, 
    0x0841, 0x6B6D, 0xA534, 0x52AA, 0x31A6, 0x31A6, 0x3186, 0x3186, 
    0x31A6, 0x31A6, 0x3186, 0x3186, 0x2965, 0x3186, 0x3186, 0x0020, 
    0x2124, 0x2965, 0x0020, 0xCE59, 0xFFFF, 0x52AA, 0x4228, 0x3186, 
    0x2965, 0x39E7, 0x39C7, 0x5ACB, 0x73AE, 0x7BEF, 0x73AE, 0x73AE, 
    0x4208, 0x0841, 0x52AA, 0x6B4D, 0x10A2, 0x1082, 0x4A49, 0x5AEB, 
    0x73AE, 0x738E, 0x632C, 0x630C, 0x630C, 0x7BEF, 0xBDD7, 0xFFDF, 
    0xFFFF, 0xFFFF, 0xFFFF, 0xFFFF, 0xFFFF, 0xFFFF, 0xFFFF, 0xFFFF, 
    0xFFFF, 0xFFFF, 0xD69A, 0x6B4D, 0x10A2, 0x0000, 0x0000, 0x0020, 
    0x0020, 0x0020, 0x1082, 0x39E7, 0x1082, 0x0000, 0x0000, 0x0000, 
    0x0000, 0x0000, 0x0000, 0x0000, 0x0000, 0x0000, 0x0000, 0x0000, 
    0x0000, 0x0000, 0x0000, 0x0000, 0x0000, 0x0000, 0x0000, 0x1082, 
    0x1082, 0x0841, 0x0861, 0x2945, 0x4A49, 0x2945, 0x10A2, 0x18C3, 
    0x2104, 0x31A6, 0x6B6D, 0xCE79, 0xFFFF, 0xFFFF, 0xFFFF, 0xBDD7, 
    0x0000, 0x0000, 0x0000, 0x0020, 0x0000, 0x0000, 0x39C7, 0x18E3, 
    0x0000, 0x0000, 0x0000, 0x0000, 0x0000, 0x0000, 0x0000, 0x1082, 
    0x39C7, 0x0861, 0x0000, 0x0020, 0x1082, 0x6B4D, 0x39C7, 0x39E7, 
    0x0861, 0x528A, 0xAD55, 0x4208, 0x3186, 0x31A6, 0x31A6, 0x31A6, 
    0x3186, 0x31A6, 0x3186, 0x31A6, 0x3186, 0x3186, 0x3186, 0x2104, 
    0x0020, 0x3186, 0x10A2, 0xDEDB, 0xFFFF, 0x5ACB, 0x4208, 0x39C7, 
    0x2945, 0x528A, 0x630C, 0x9492, 0x9CD3, 0x8C71, 0x8C71, 0xB596, 
    0x8C51, 0x4208, 0x1082, 0x5AEB, 0x73AE, 0x39E7, 0x1082, 0x18E3, 
    0x5ACB, 0x6B6D, 0x632C, 0x6B6D, 0x738E, 0x6B6D, 0x6B4D, 0x7BEF, 
    0xC618, 0xF7BE, 0xFFFF, 0xFFFF, 0xFFFF, 0xFFFF, 0xFFFF, 0xFFFF, 
    0xE71C, 0x73AE, 0x18C3, 0x0000, 0x0020, 0x0000, 0x0000, 0x0000, 
    0x0020, 0x0000, 0x8C51, 0xAD75, 0x2945, 0x0020, 0x0000, 0x0000, 
    0x0000, 0x0000, 0x0000, 0x0000, 0x0000, 0x0000, 0x0000, 0x0000, 
    0x0000, 0x0000, 0x0000, 0x0000, 0x0000, 0x0000, 0x0000, 0x0841, 
    0x2945, 0x31A6, 0x31A6, 0x8C51, 0x9492, 0x738E, 0x73AE, 0x8C71, 
    0xAD55, 0xD6BA, 0xF79E, 0xFFFF, 0xFFFF, 0xFFFF, 0xFFFF, 0xA534, 
    0x0000, 0x0000, 0x0000, 0x0000, 0x0020, 0x0000, 0x2965, 0x2124, 
    0x3186, 0x0841, 0x0000, 0x0000, 0x0000, 0x0000, 0x0000, 0x0000, 
    0x1082, 0x0841, 0x0000, 0x0020, 0x0841, 0x630C, 0x5ACB, 0x2965, 
    0x18C3, 0x2124, 0x4228, 0x10A2, 0x2945, 0x31A6, 0x31A6, 0x31A6, 
    0x3186, 0x3186, 0x3186, 0x31A6, 0x3186, 0x3186, 0x3186, 0x31A6, 
    0x10A2, 0x3186, 0x18C3, 0xD6BA, 0xFFFF, 0x7BEF, 0x2104, 0x3186, 
    0x4208, 0x4A69, 0x7BCF, 0xBDD7, 0xF79E, 0xDEFB, 0xC618, 0xFFFF, 
    0xEF5D, 0xB5B6, 0x4A69, 0x1082, 0x630C, 0x8C51, 0x5AEB, 0x18E3, 
    0x18C3, 0x31A6, 0x52AA, 0x6B6D, 0x6B4D, 0x738E, 0x6B6D, 0x8C71, 
    0x73AE, 0x73AE, 0xB5B6, 0xDEDB, 0xFFFF, 0xFFFF, 0xEF7D, 0x8C71, 
    0x2104, 0x0000, 0x0020, 0x0020, 0x0000, 0x0000, 0x0000, 0x0000, 
    0x0000, 0x0000, 0x4A49, 0x39C7, 0x0000, 0x0020, 0x0000, 0x0000, 
    0x0000, 0x0000, 0x0000, 0x0000, 0x0000, 0x0000, 0x0000, 0x0000, 
    0x0000, 0x0000, 0x0000, 0x0000, 0x0000, 0x0000, 0x0000, 0x0000, 
    0x0000, 0x18E3, 0x4A69, 0xE71C, 0xFFFF, 0xFFFF, 0xFFFF, 0xFFFF, 
    0xFFFF, 0xFFFF, 0xFFFF, 0xFFFF, 0xFFFF, 0xFFFF, 0xFFFF, 0x8430, 
    0x0000, 0x0000, 0x0000, 0x0000, 0x10A2, 0x18C3, 0x18E3, 0x52AA, 
    0x3186, 0x0000, 0x0000, 0x0000, 0x0000, 0x0000, 0x0000, 0x0861, 
    0x3186, 0x0861, 0x0000, 0x0841, 0x18E3, 0x6B4D, 0x6B4D, 0x1082, 
    0x2104, 0x10A2, 0x2965, 0x1082, 0x18E3, 0x39C7, 0x3186, 0x31A6, 
    0x3186, 0x3186, 0x31A6, 0x3186, 0x31A6, 0x3186, 0x31A6, 0x31A6, 
    0x39C7, 0x632C, 0x0841, 0xC618, 0xFFFF, 0xAD75, 0x39C7, 0x10A2, 
    0x10A2, 0x31A6, 0x738E, 0xEF5D, 0xFFDF, 0xFFDF, 0xFFDF, 0xFFFF, 
    0xFFFF, 0xFFFF, 0xDEFB, 0x632C, 0x18C3, 0x630C, 0x8410, 0x4208, 
    0x10A2, 0x0000, 0x1082, 0x2965, 0x528A, 0x6B4D, 0x738E, 0x7BCF, 
    0xAD55, 0x738E, 0x73AE, 0x5AEB, 0xA514, 0xA534, 0x39C7, 0x0841, 
    0x0020, 0x0000, 0x0000, 0x0000, 0x0000, 0x0000, 0x0000, 0x0000, 
    0x0000, 0x0020, 0x0000, 0x0000, 0x0000, 0x0000, 0x0000, 0x0000, 
    0x0000, 0x0000, 0x0000, 0x0000, 0x0020, 0x0000, 0x0000, 0x0000, 
    0x0000, 0x0000, 0x0000, 0x18E3, 0x2965, 0x2965, 0x2965, 0x2965, 
    0x31A6, 0x39C7, 0x7BEF, 0xC638, 0xFFFF, 0xFFFF, 0xFFFF, 0xFFFF, 
    0xFFFF, 0xFFFF, 0xFFFF, 0xFFFF, 0xFFFF, 0xFFFF, 0xFFFF, 0x630C, 
    0x0000, 0x0000, 0x0020, 0x0000, 0x18C3, 0x2945, 0x18C3, 0x3186, 
    0x0000, 0x0000, 0x0000, 0x0000, 0x0000, 0x0000, 0x0861, 0x0000, 
    0x0000, 0x0020, 0x0020, 0x0841, 0x2945, 0x632C, 0x632C, 0x0000, 
    0x2945, 0x1082, 0x3186, 0x18E3, 0x0861, 0x31A6, 0x3186, 0x3186, 
    0x3186, 0x31A6, 0x31A6, 0x31A6, 0x31A6, 0x39C7, 0x31A6, 0x31A6, 
    0x4228, 0x6B6D, 0x0020, 0xAD75, 0xFFFF, 0xBDF7, 0x738E, 0x4A69, 
    0x3186, 0x5ACB, 0xC618, 0xFFFF, 0xFFDF, 0xFFFF, 0xFFFF, 0xFFFF, 
    0xFFFF, 0xFFFF, 0xFFFF, 0xFFFF, 0x7BEF, 0x1082, 0x6B4D, 0x94B2, 
    0x3186, 0x0020, 0x0000, 0x0000, 0x0841, 0x3186, 0x5AEB, 0x6B4D, 
    0x7BEF, 0x8430, 0x6B6D, 0x528A, 0x1082, 0x0020, 0x0000, 0x0000, 
    0x0000, 0x0000, 0x0000, 0x0000, 0x0000, 0x0000, 0x0000, 0x0000, 
    0x0000, 0x0000, 0x0000, 0x0000, 0x0000, 0x0000, 0x0000, 0x0000, 
    0x0000, 0x0000, 0x0000, 0x0000, 0x18C3, 0x18E3, 0x0000, 0x0000, 
    0x0000, 0x0000, 0x10A2, 0x4228, 0x4208, 0x39C7, 0x31A6, 0x39E7, 
    0x4228, 0x738E, 0xFFFF, 0xFFFF, 0xFFFF, 0xFFFF, 0xFFFF, 0xFFFF, 
    0xFFFF, 0xFFFF, 0xFFFF, 0xFFFF, 0xFFFF, 0xFFFF, 0xFFFF, 0x4228, 
    0x0000, 0x0000, 0x0000, 0x0000, 0x18C3, 0x39C7, 0x18E3, 0x3186, 
    0x1082, 0x0000, 0x18E3, 0x0020, 0x0000, 0x2965, 0x3186, 0x0000, 
    0x0000, 0x0000, 0x0000, 0x0841, 0x2104, 0x4A49, 0x5AEB, 0x0000, 
    0x18C3, 0x0841, 0x2124, 0x2945, 0x0841, 0x2104, 0x3186, 0x3186, 
    0x3186, 0x31A6, 0x31A6, 0x31A6, 0x31A6, 0x39C7, 0x39E7, 0x39E7, 
    0x39E7, 0x528A, 0x10A2, 0x8410, 0xFFFF, 0xD69A, 0x738E, 0x5AEB, 
    0x39E7, 0x5AEB, 0xEF7D, 0xFFFF, 0xFFFF, 0xFFFF, 0xFFFF, 0xFFFF, 
    0xFFFF, 0xFFFF, 0xFFFF, 0xFFFF, 0xFFFF, 0x8430, 0x10A2, 0x8C71, 
    0xB5B6, 0x2965, 0x0000, 0x0000, 0x0020, 0x0020, 0x0861, 0x3186, 
    0x2945, 0x2104, 0x0861, 0x0861, 0x528A, 0x31A6, 0x1082, 0x0000, 
    0x0000, 0x0000, 0x0000, 0x0020, 0x0000, 0x0000, 0x0000, 0x0000, 
    0x0000, 0x0841, 0x0020, 0x0000, 0x0000, 0x0000, 0x0000, 0x0000, 
    0x0000, 0x0000, 0x0000, 0x10A2, 0x2104, 0x10A2, 0x0000, 0x0020, 
    0x0000, 0x10A2, 0x4A69, 0x4A49, 0x31A6, 0x39C7, 0x39C7, 0x4208, 
    0x4A69, 0xA514, 0xFFFF, 0xFFFF, 0xFFFF, 0xFFFF, 0xFFFF, 0xFFFF, 
    0xFFFF, 0xFFFF, 0xFFFF, 0xFFFF, 0xFFFF, 0xFFFF, 0xEF7D, 0x18E3, 
    0x0000, 0x0000, 0x0000, 0x0000, 0x0861, 0x2965, 0x2965, 0x4208, 
    0x39C7, 0x31A6, 0x528A, 0x0020, 0x0000, 0x10A2, 0x0841, 0x0020, 
    0x0000, 0x0000, 0x0000, 0x0000, 0x0861, 0x31A6, 0x5ACB, 0x0000, 
    0x3186, 0x1082, 0x18C3, 0x2945, 0x10A2, 0x1082, 0x3186, 0x2965, 
    0x3186, 0x31A6, 0x31A6, 0x39C7, 0x39C7, 0x39E7, 0x39E7, 0x4208, 
    0x4228, 0x4A49, 0x39E7, 0x2104, 0xD6BA, 0xF79E, 0x738E, 0x73AE, 
    0x73AE, 0x8C51, 0xF79E, 0xFFFF, 0xFFFF, 0xFFFF, 0xFFFF, 0xFFFF, 
    0xFFFF, 0xFFFF, 0xCE79, 0xBDF7, 0xCE59, 0xF79E, 0xA514, 0x2104, 
    0x73AE, 0x8C51, 0x5ACB, 0x8430, 0x8C51, 0x7BEF, 0x73AE, 0x9CF3, 
    0x9492, 0x738E, 0x6B4D, 0x9492, 0x632C, 0x52AA, 0x2965, 0x10A2, 
    0x2104, 0x0020, 0x0000, 0x0020, 0x0000, 0x0000, 0x0000, 0x0000, 
    0x0000, 0x1082, 0x0020, 0x0000, 0x0000, 0x0000, 0x0000, 0x0000, 
    0x0000, 0x0000, 0x0000, 0x2104, 0x4A49, 0x0861, 0x0000, 0x0020, 
    0x0861, 0x4228, 0x39E7, 0x2965, 0x39C7, 0x39C7, 0x39E7, 0x4228, 
    0x528A, 0xD6BA, 0xFFFF, 0xFFFF, 0xFFFF, 0xFFFF, 0xFFFF, 0xFFFF, 
    0xFFFF, 0xFFFF, 0xFFFF, 0xFFFF, 0xFFFF, 0xFFFF, 0xA514, 0x0861, 
    0x0000, 0x0000, 0x0000, 0x0000, 0x0861, 0x18E3, 0x2965, 0x3186, 
    0x3186, 0x2945, 0x3186, 0x18E3, 0x0000, 0x0000, 0x39C7, 0x1082, 
    0x0000, 0x0000, 0x0000, 0x0841, 0x0841, 0x1082, 0x4228, 0x0841, 
    0x10A2, 0x0861, 0x0861, 0x2945, 0x2945, 0x0000, 0x2945, 0x2965, 
    0x3186, 0x31A6, 0x31A6, 0x39C7, 0x39E7, 0x4208, 0x4208, 0x4228, 
    0x4228, 0x528A, 0x6B6D, 0x2104, 0x4A69, 0xF7BE, 0x8C51, 0x6B6D, 
    0x7BEF, 0x9CD3, 0xF7BE, 0xFFFF, 0xFFFF, 0xFFFF, 0xFFFF, 0xFFFF, 
    0xD69A, 0x9CF3, 0xC618, 0xC638, 0x8410, 0xEF7D, 0xFFFF, 0xBDF7, 
    0x2124, 0x39E7, 0x4A69, 0xFFDF, 0xFFFF, 0xFFFF, 0xEF7D, 0xAD75, 
    0xAD55, 0xB596, 0xAD75, 0x630C, 0x4A69, 0x2945, 0x0000, 0x0020, 
    0x1082, 0x0020, 0x0000, 0x0000, 0x0000, 0x0000, 0x0000, 0x0000, 
    0x0000, 0x0000, 0x0000, 0x0000, 0x0000, 0x0000, 0x0000, 0x0000, 
    0x0000, 0x0000, 0x0020, 0x0000, 0x0861, 0x0861, 0x0000, 0x1082, 
    0x0841, 0x2124, 0x31A6, 0x39C7, 0x31A6, 0x39C7, 0x39E7, 0x4228, 
    0x52AA, 0xEF5D, 0xFFFF, 0xFFFF, 0xFFFF, 0xFFFF, 0xFFFF, 0xFFFF, 
    0xFFFF, 0xFFFF, 0xFFFF, 0xFFFF, 0xFFDF, 0xAD75, 0x4A69, 0x2104, 
    0x0020, 0x0000, 0x0841, 0x0861, 0x0020, 0x18E3, 0x2124, 0x2124, 
    0x18C3, 0x0000, 0x1082, 0x0020, 0x0000, 0x0000, 0x1082, 0x0000, 
    0x0841, 0x1082, 0x528A, 0x39C7, 0x0020, 0x2124, 0x39C7, 0x0841, 
    0x0000, 0x0861, 0x0000, 0x18E3, 0x31A6, 0x1082, 0x2124, 0x3186, 
    0x2965, 0x31A6, 0x39C7, 0x39E7, 0x4208, 0x4208, 0x4228, 0x4228, 
    0x528A, 0x528A, 0x8C51, 0x630C, 0x630C, 0x738E, 0xAD75, 0x6B6D, 
    0x8410, 0xA514, 0xFFFF, 0xFFFF, 0xFFFF, 0xFFFF, 0xDEDB, 0x8430, 
    0xA514, 0xEF5D, 0xDEDB, 0xF7BE, 0x94B2, 0xF7BE, 0xFFFF, 0xFFFF, 
    0xE71C, 0x5AEB, 0x2104, 0x73AE, 0xEF7D, 0xF7BE, 0xA534, 0x9CD3, 
    0x9CD3, 0x9CF3, 0x5AEB, 0x4208, 0x18C3, 0x0000, 0x0000, 0x0000, 
    0x0000, 0x0000, 0x0000, 0x0000, 0x0000, 0x0000, 0x0000, 0x0000, 
    0x0000, 0x0000, 0x0000, 0x0000, 0x0000, 0x0000, 0x0000, 0x0000, 
    0x0000, 0x0000, 0x0000, 0x0000, 0x0000, 0x0000, 0x0020, 0x0861, 
    0x0020, 0x0000, 0x1082, 0x2965, 0x39C7, 0x39C7, 0x39E7, 0x4228, 
    0x528A, 0x8C51, 0xF7BE, 0xFFFF, 0xFFFF, 0xFFFF, 0xFFFF, 0xFFFF, 
    0xFFFF, 0xFFFF, 0xFFFF, 0xDEFB, 0x94B2, 0x8430, 0x39C7, 0x0000, 
    0x0000, 0x0000, 0x0020, 0x0861, 0x0000, 0x1082, 0x2104, 0x2124, 
    0x2104, 0x0841, 0x0000, 0x0000, 0x0000, 0x0000, 0x0000, 0x10A2, 
    0x18C3, 0x10A2, 0x2965, 0x8C71, 0xAD75, 0x2124, 0x2124, 0x0000, 
    0x0000, 0x0841, 0x0000, 0x2124, 0x3186, 0x39C7, 0x2104, 0x2945, 
    0x31A6, 0x3186, 0x39C7, 0x39E7, 0x4208, 0x4228, 0x4228, 0x4A69, 
    0x52AA, 0x52AA, 0xA534, 0x52AA, 0xE73C, 0x52AA, 0x630C, 0x8430, 
    0x8410, 0xA534, 0xFFFF, 0xFFFF, 0xF79E, 0xA534, 0x8410, 0xCE79, 
    0xF79E, 0xBDF7, 0xB5B6, 0xCE59, 0x9492, 0xF7BE, 0xFFFF, 0xFFFF, 
    0xFFFF, 0xCE59, 0x94B2, 0x39E7, 0x4A49, 0xAD75, 0xBDD7, 0xD69A, 
    0xC618, 0x9492, 0x9CF3, 0x39E7, 0x0000, 0x0000, 0x0000, 0x0000, 
    0x0000, 0x0000, 0x0000, 0x0000, 0x0000, 0x0000, 0x0000, 0x0000, 
    0x0000, 0x0000, 0x0000, 0x0000, 0x0000, 0x0000, 0x0000, 0x0000, 
    0x0000, 0x0000, 0x0000, 0x0000, 0x0000, 0x0000, 0x0000, 0x0020, 
    0x3186, 0x18E3, 0x0000, 0x0000, 0x1082, 0x2945, 0x39C7, 0x4228, 
    0x528A, 0x528A, 0x8410, 0xE71C, 0xFFFF, 0xFFFF, 0xFFFF, 0xFFFF, 
    0xFFFF, 0xFFFF, 0xCE59, 0x8430, 0x8410, 0x632C, 0x18C3, 0x4208, 
    0x0841, 0x0000, 0x0000, 0x0000, 0x0000, 0x0861, 0x18E3, 0x2104, 
    0x2104, 0x0861, 0x0000, 0x0000, 0x0000, 0x0000, 0x10A2, 0x1082, 
    0x0020, 0x0000, 0x0000, 0x0861, 0x9CD3, 0xAD55, 0x0841, 0x0841, 
    0x0000, 0x0020, 0x0020, 0x2104, 0x31A6, 0x3186, 0x0020, 0x2945, 
    0x4A69, 0x3186, 0x39E7, 0x39E7, 0x4208, 0x4228, 0x4A49, 0x528A, 
    0x5AEB, 0x5ACB, 0xC618, 0x630C, 0xE71C, 0xE73C, 0x39C7, 0x632C, 
    0x8C51, 0xA514, 0xFFFF, 0xFFFF, 0xEF5D, 0x8410, 0xDEFB, 0xFFFF, 
    0xAD55, 0xE73C, 0xDEFB, 0xBDF7, 0x94B2, 0xEF7D, 0xFFFF, 0xFFFF, 
    0xFFFF, 0xC638, 0xDEFB, 0xF79E, 0x73AE, 0x52AA, 0x632C, 0x6B6D, 
    0x8C51, 0x73AE, 0xB5B6, 0x52AA, 0x0000, 0x0000, 0x0000, 0x0000, 
    0x0000, 0x0000, 0x0000, 0x0000, 0x0000, 0x0000, 0x0000, 0x0000, 
    0x2124, 0x3186, 0x0000, 0x0000, 0x0000, 0x0000, 0x0000, 0x0000, 
    0x0000, 0x0000, 0x0000, 0x0000, 0x0000, 0x0000, 0x0000, 0x0000, 
    0x3186, 0x39C7, 0x31A6, 0x18E3, 0x0020, 0x0000, 0x0000, 0x18E3, 
    0x39C7, 0x52AA, 0x5AEB, 0x7BCF, 0xEF7D, 0xFFFF, 0xFFFF, 0xFFFF, 
    0xEF7D, 0xA534, 0x738E, 0x632C, 0x4208, 0x0841, 0x630C, 0xDEFB, 
    0x18C3, 0x0000, 0x0000, 0x0000, 0x0000, 0x0841, 0x10A2, 0x18C3, 
    0x2965, 0x2104, 0x0000, 0x0020, 0x0000, 0x0861, 0x0861, 0x0000, 
    0x0841, 0x0020, 0x0000, 0x0000, 0x0000, 0x7BCF, 0x5ACB, 0x0000, 
    0x0000, 0x0000, 0x0841, 0x1082, 0x39C7, 0x31A6, 0x2104, 0x0841, 
    0x3186, 0x31A6, 0x39E7, 0x4208, 0x4228, 0x4A49, 0x4A69, 0x52AA, 
    0x5AEB, 0x5AEB, 0xCE79, 0x7BEF, 0xC638, 0xFFFF, 0xCE59, 0x31A6, 
    0x738E, 0xAD75, 0xFFFF, 0xFFFF, 0xFFFF, 0xFFFF, 0xAD75, 0xEF5D, 
    0xCE79, 0x9CD3, 0xCE79, 0xA534, 0xA514, 0xEF7D, 0xFFFF, 0xFFFF, 
    0xE71C, 0xDEDB, 0xEF5D, 0xFFFF, 0xFFFF, 0xD6BA, 0x9CD3, 0x4A49, 
    0x2104, 0x0841, 0x10A2, 0x39C7, 0x0000, 0x0000, 0x0000, 0x0000, 
    0x0000, 0x0000, 0x0000, 0x0000, 0x0000, 0x0000, 0x0000, 0x0000, 
    0x0861, 0x2124, 0x1082, 0x0000, 0x2965, 0x2124, 0x0020, 0x10A2, 
    0x0000, 0x0000, 0x0000, 0x0000, 0x0000, 0x0000, 0x0000, 0x0000, 
    0x31A6, 0x3186, 0x31A6, 0x39C7, 0x31A6, 0x2945, 0x10A2, 0x0020, 
    0x0000, 0x0861, 0x2124, 0x39E7, 0x6B4D, 0xAD55, 0xBDD7, 0x9CD3, 
    0x630C, 0x4A49, 0x31A6, 0x2104, 0x3186, 0x7BEF, 0xFFDF, 0xBDD7, 
    0x0000, 0x0000, 0x0000, 0x0000, 0x0000, 0x0020, 0x10A2, 0x10A2, 
    0x2965, 0x10A2, 0x0000, 0x0000, 0x0000, 0x0000, 0x0000, 0x0841, 
    0x0000, 0x1082, 0x7BEF, 0x4A69, 0x6B6D, 0x6B6D, 0x18E3, 0x0841, 
    0x0000, 0x0000, 0x0861, 0x0841, 0x2124, 0x2945, 0x31A6, 0x1082, 
    0x0020, 0x39C7, 0x4208, 0x4228, 0x4228, 0x4A49, 0x528A, 0x52AA, 
    0x630C, 0x6B4D, 0xE71C, 0x94B2, 0xBDD7, 0xFFFF, 0xFFFF, 0x8C71, 
    0x3186, 0xA514, 0xFFFF, 0xFFFF, 0xFFFF, 0xFFFF, 0xF7BE, 0xBDD7, 
    0xEF5D, 0xC638, 0xCE59, 0x9CD3, 0x9CF3, 0xCE59, 0xFFFF, 0xF7BE, 
    0xCE59, 0xF79E, 0xCE79, 0xC638, 0xE73C, 0xFFFF, 0xFFFF, 0xF7BE, 
    0xE73C, 0x7BEF, 0x0000, 0x0020, 0x0020, 0x0000, 0x0000, 0x0000, 
    0x0000, 0x0000, 0x0000, 0x0000, 0x0000, 0x0000, 0x0000, 0x0000, 
    0x0000, 0x0000, 0x3186, 0x0000, 0x18C3, 0x31A6, 0x1082, 0x10A2, 
    0x0000, 0x0000, 0x0000, 0x0000, 0x0000, 0x0000, 0x0000, 0x0000, 
    0x31A6, 0x3186, 0x3186, 0x31A6, 0x39C7, 0x39C7, 0x39E7, 0x39C7, 
    0x2965, 0x2104, 0x18C3, 0x0861, 0x1082, 0x18C3, 0x2104, 0x2124, 
    0x2965, 0x2965, 0x39E7, 0x73AE, 0xCE79, 0xFFFF, 0xD6BA, 0x18E3, 
    0x0020, 0x0020, 0x0000, 0x0000, 0x0020, 0x0861, 0x10A2, 0x2945, 
    0x3186, 0x4A69, 0x630C, 0x7BEF, 0x8430, 0x7BCF, 0x528A, 0x2965, 
    0x5AEB, 0xAD55, 0xF7BE, 0x8410, 0x528A, 0xB596, 0x7BCF, 0x0841, 
    0x0020, 0x0000, 0x0841, 0x0020, 0x18E3, 0x2104, 0x18C3, 0x2965, 
    0x0000, 0x18E3, 0x4208, 0x4228, 0x4A49, 0x528A, 0x52AA, 0x5ACB, 
    0x632C, 0x6B6D, 0xE71C, 0xB5B6, 0xAD55, 0xFFFF, 0xFFFF, 0xCE79, 
    0x630C, 0x4A49, 0xDEDB, 0xFFFF, 0xFFFF, 0xFFFF, 0xFFFF, 0xF7BE, 
    0xB596, 0xD6BA, 0xD69A, 0x9CF3, 0x9CD3, 0x8C71, 0xFFFF, 0xF7BE, 
    0xAD75, 0xB5B6, 0xDEFB, 0xF79E, 0xBDF7, 0xBDD7, 0xE73C, 0xFFFF, 
    0xF7BE, 0x3186, 0x0000, 0x0000, 0x0000, 0x0000, 0x0000, 0x0000, 
    0x0000, 0x0000, 0x0000, 0x0000, 0x0000, 0x0000, 0x0000, 0x0000, 
    0x0000, 0x0020, 0x0020, 0x0000, 0x0000, 0x0000, 0x0000, 0x0000, 
    0x0000, 0x0000, 0x0000, 0x0000, 0x0000, 0x0000, 0x0000, 0x0000, 
    0x18E3, 0x1082, 0x2945, 0x2945, 0x18E3, 0x1082, 0x10A2, 0x39E7, 
    0x632C, 0x4208, 0x4A49, 0x52AA, 0x5ACB, 0x630C, 0x6B6D, 0x6B4D, 
    0x6B4D, 0x8430, 0xCE79, 0xFFFF, 0xFFFF, 0xCE79, 0x2945, 0x0861, 
    0x0861, 0x0861, 0x528A, 0x8430, 0xA534, 0xC618, 0xD69A, 0xE71C, 
    0xFFDF, 0xFFFF, 0xFFFF, 0xFFFF, 0xFFFF, 0xCE79, 0x738E, 0xD6BA, 
    0xEF7D, 0xA514, 0xB596, 0x738E, 0x7BEF, 0xD6BA, 0xFFFF, 0xBDD7, 
    0x39C7, 0x0000, 0x0841, 0x0861, 0x1082, 0x39E7, 0x18C3, 0x2965, 
    0x2945, 0x0000, 0x3186, 0x4228, 0x4A49, 0x52AA, 0x5ACB, 0x5AEB, 
    0x6B4D, 0x6B4D, 0xD6BA, 0xCE79, 0x9CD3, 0xFFFF, 0xFFFF, 0xEF5D, 
    0xA514, 0x7BEF, 0x5ACB, 0xCE79, 0xFFFF, 0xFFFF, 0xFFFF, 0xFFFF, 
    0xFFDF, 0x9492, 0x8410, 0x9CD3, 0xA534, 0x52AA, 0xFFFF, 0xFFFF, 
    0xFFFF, 0xA514, 0xD6BA, 0xFFDF, 0xFFFF, 0xAD75, 0xCE79, 0xD69A, 
    0x4228, 0x0000, 0x0000, 0x0000, 0x0000, 0x0000, 0x0000, 0x0000, 
    0x0000, 0x0000, 0x0000, 0x0000, 0x0020, 0x18E3, 0x1082, 0x0000, 
    0x1082, 0x0000, 0x0000, 0x0000, 0x0000, 0x0000, 0x0000, 0x0000, 
    0x0000, 0x0000, 0x0000, 0x0000, 0x0000, 0x0000, 0x0000, 0x0000, 
    0x1082, 0x4228, 0x4208, 0x1082, 0x10A2, 0x18C3, 0x2104, 0x39C7, 
    0x2124, 0x0861, 0x4228, 0x5ACB, 0x632C, 0x6B4D, 0x738E, 0x8C51, 
    0xBDF7, 0xFFFF, 0xFFFF, 0xC618, 0x6B4D, 0x2965, 0x18E3, 0x18C3, 
    0x4228, 0xB5B6, 0xFFFF, 0xFFFF, 0xFFFF, 0xFFFF, 0xFFFF, 0xFFFF, 
    0xFFFF, 0xFFFF, 0xFFDF, 0xFFFF, 0xBDF7, 0x738E, 0xF79E, 0xFFFF, 
    0x94B2, 0xE73C, 0xFFFF, 0xAD55, 0xE73C, 0xFFFF, 0xFFFF, 0xEF7D, 
    0xEF7D, 0x8430, 0x2945, 0x0841, 0x0020, 0x2965, 0x2104, 0x39C7, 
    0x39E7, 0x10A2, 0x0841, 0x4208, 0x4A49, 0x52AA, 0x5AEB, 0x630C, 
    0x6B6D, 0x738E, 0xD6BA, 0xE73C, 0x8C71, 0xFFFF, 0xFFFF, 0xFFFF, 
    0xB5B6, 0xBDF7, 0xD69A, 0x6B4D, 0xBDD7, 0xFFFF, 0xFFFF, 0xFFFF, 
    0xFFDF, 0xD69A, 0x9492, 0xB5B6, 0x9CF3, 0x18E3, 0xDEFB, 0xFFFF, 
    0xF79E, 0xAD75, 0xC618, 0xB5B6, 0xB596, 0xBDD7, 0xC618, 0x738E, 
    0x1082, 0x0000, 0x0000, 0x0000, 0x0000, 0x0000, 0x0000, 0x0000, 
    0x0000, 0x0000, 0x0000, 0x0000, 0x1082, 0x5AEB, 0x39E7, 0x0000, 
    0x2104, 0x4A69, 0x0000, 0x0000, 0x0000, 0x0000, 0x0000, 0x0000, 
    0x0000, 0x0000, 0x0000, 0x0000, 0x0000, 0x0000, 0x0000, 0x0000, 
    0x18C3, 0x3186, 0x0000, 0x1082, 0x18E3, 0x10A2, 0x18C3, 0x0841, 
    0x1082, 0x3186, 0x31A6, 0x4A49, 0x738E, 0x9492, 0xC638, 0xF7BE, 
    0xE73C, 0xB5B6, 0x7BEF, 0x632C, 0x73AE, 0x39C7, 0x18E3, 0x6B6D, 
    0xF79E, 0xFFFF, 0xFFFF, 0xFFFF, 0xFFFF, 0xFFDF, 0xFFFF, 0xFFFF, 
    0xFFFF, 0xFFFF, 0xFFFF, 0xDEDB, 0x738E, 0xEF5D, 0xE71C, 0xAD55, 
    0xAD55, 0xFFDF, 0xB596, 0xB5B6, 0xFFFF, 0xFFFF, 0xEF5D, 0x8430, 
    0xAD75, 0xFFFF, 0xE73C, 0x8430, 0x2945, 0x0020, 0x18C3, 0x3186, 
    0x39E7, 0x4208, 0x0020, 0x18C3, 0x4A49, 0x4A69, 0x5ACB, 0x630C, 
    0x6B6D, 0x73AE, 0xCE79, 0xF7BE, 0x8410, 0xFFDF, 0xFFFF, 0xFFFF, 
    0xDEDB, 0xB5B6, 0xFFFF, 0xEF5D, 0x7BEF, 0x9CF3, 0xF7BE, 0xFFFF, 
    0xF7BE, 0xC638, 0xCE79, 0xDEDB, 0x9492, 0x0020, 0x632C, 0xC618, 
    0x6B4D, 0x9CD3, 0xCE79, 0xFFFF, 0xC618, 0xE73C, 0x73AE, 0x39E7, 
    0x0000, 0x0000, 0x0000, 0x0000, 0x0000, 0x0000, 0x0000, 0x0000, 
    0x0000, 0x0000, 0x0000, 0x0000, 0x2124, 0x73AE, 0x5ACB, 0x10A2, 
    0x0020, 0x31A6, 0x2965, 0x0000, 0x0000, 0x0000, 0x0000, 0x0000, 
    0x0000, 0x0000, 0x0000, 0x0000, 0x0000, 0x0000, 0x0000, 0x0000, 
    0x0000, 0x0000, 0x0000, 0x0000, 0x0841, 0x0861, 0x1082, 0x2124, 
    0x52AA, 0x5ACB, 0x7BCF, 0xBDD7, 0xE71C, 0xFFFF, 0xFFFF, 0xFFDF, 
    0xAD75, 0xC618, 0xE73C, 0xFFFF, 0xDEDB, 0x4208, 0x9CD3, 0xFFFF, 
    0xFFFF, 0xFFDF, 0xFFFF, 0xFFFF, 0xFFFF, 0xFFFF, 0xFFFF, 0xFFFF, 
    0xEF7D, 0xD69A, 0xAD55, 0x39C7, 0x3186, 0x31A6, 0x1082, 0x0861, 
    0x2124, 0x39E7, 0x18E3, 0x2965, 0x31A6, 0x4A49, 0x39E7, 0x8430, 
    0x94B2, 0xA534, 0xFFFF, 0xFFFF, 0xF79E, 0x8410, 0x0000, 0x18C3, 
    0x3186, 0x2945, 0x31A6, 0x0000, 0x2965, 0x5ACB, 0x52AA, 0x5AEB, 
    0x738E, 0x73AE, 0xC618, 0xFFFF, 0x8410, 0xEF5D, 0xFFFF, 0xFFFF, 
    0xF79E, 0xCE59, 0xFFFF, 0xFFFF, 0xFFFF, 0xAD55, 0x7BCF, 0xCE59, 
    0xFFFF, 0xDEDB, 0xC618, 0xDEDB, 0x8C51, 0x0000, 0x0020, 0x0841, 
    0x2945, 0x7BCF, 0xD69A, 0xFFFF, 0xFFFF, 0xFFFF, 0x528A, 0x0000, 
    0x0000, 0x0000, 0x0020, 0x0020, 0x0000, 0x0000, 0x0000, 0x0000, 
    0x0000, 0x0000, 0x0000, 0x0841, 0x4208, 0x9492, 0x8430, 0x39E7, 
    0x10A2, 0x0000, 0x0841, 0x0000, 0x0000, 0x0000, 0x0000, 0x0000, 
    0x0000, 0x0000, 0x0000, 0x0000, 0x0000, 0x0000, 0x0000, 0x0000, 
    0x0841, 0x18C3, 0x2945, 0x3186, 0x39C7, 0x4228, 0x52AA, 0x5AEB, 
    0x632C, 0xAD75, 0xF7BE, 0xFFFF, 0xFFFF, 0xF79E, 0xE71C, 0xFFFF, 
    0xFFFF, 0xFFFF, 0xFFFF, 0xF7BE, 0x7BCF, 0xCE59, 0xFFFF, 0xFFFF, 
    0xFFFF, 0xFFFF, 0xEF7D, 0xD6BA, 0xBDF7, 0xAD55, 0x94B2, 0x630C, 
    0x4228, 0x3186, 0x0861, 0x0861, 0x0000, 0x0000, 0x0000, 0x0000, 
    0x0000, 0x0000, 0x0000, 0x0000, 0x0841, 0x0020, 0x0000, 0x0000, 
    0x18E3, 0x2965, 0x8430, 0xC618, 0xF79E, 0xFFFF, 0x9492, 0x4208, 
    0x2965, 0x0000, 0x0861, 0x0020, 0x0000, 0x4A49, 0x6B4D, 0x632C, 
    0x6B4D, 0x738E, 0xB5B6, 0xFFFF, 0x8C51, 0xD69A, 0xFFFF, 0xFFFF, 
    0xFFFF, 0xF7BE, 0xFFFF, 0xFFFF, 0xFFFF, 0xFFFF, 0xDEFB, 0x8C51, 
    0x8C71, 0xAD55, 0xCE79, 0xE73C, 0x94B2, 0x0000, 0x0020, 0x0841, 
    0x31A6, 0x9CD3, 0xFFDF, 0xFFFF, 0xFFFF, 0xF79E, 0x3186, 0x0000, 
    0x0000, 0x0000, 0x0841, 0x0841, 0x0000, 0x0020, 0x18C3, 0x0000, 
    0x0000, 0x0020, 0x0020, 0x0861, 0x4208, 0xC638, 0xE71C, 0x4A69, 
    0x10A2, 0x0841, 0x18C3, 0x10A2, 0x0000, 0x0000, 0x0000, 0x0000, 
    0x0000, 0x0000, 0x0000, 0x0000, 0x0000, 0x0000, 0x0000, 0x0000, 
    0x2965, 0x31A6, 0x39E7, 0x4208, 0x4228, 0x52AA, 0x5ACB, 0x738E, 
    0xD6BA, 0xFFFF, 0xFFFF, 0xFFFF, 0xDEFB, 0xD6BA, 0xFFDF, 0xFFFF, 
    0xFFFF, 0xFFFF, 0xFFFF, 0xB5B6, 0xD69A, 0xFFFF, 0xFFFF, 0xFFFF, 
    0xFFFF, 0xFFFF, 0xD6BA, 0xAD55, 0xAD55, 0xB5B6, 0xC618, 0xBDF7, 
    0xD69A, 0x630C, 0x6B6D, 0x8430, 0x1082, 0x0000, 0x0000, 0x0000, 
    0x0000, 0x0000, 0x0000, 0x0000, 0x0861, 0x1082, 0x0000, 0x0000, 
    0x0020, 0x0020, 0x0000, 0x1082, 0x2945, 0x5AEB, 0x9492, 0x4228, 
    0x4228, 0x39C7, 0x0020, 0x0841, 0x0020, 0x0841, 0x4208, 0x632C, 
    0x73AE, 0x73AE, 0xAD55, 0xFFFF, 0x9CD3, 0xB5B6, 0xFFFF, 0xFFFF, 
    0xFFFF, 0xFFFF, 0xFFFF, 0xFFFF, 0xFFFF, 0xFFFF, 0xFFFF, 0xFFFF, 
    0xC618, 0x73AE, 0x6B4D, 0x94B2, 0x8430, 0x0000, 0x0841, 0x1082, 
    0xB596, 0xFFFF, 0xE71C, 0xCE59, 0xA514, 0x4A49, 0x0000, 0x0000, 
    0x0000, 0x0000, 0x0000, 0x0000, 0x0000, 0x0000, 0x4208, 0x1082, 
    0x0000, 0x1082, 0x0020, 0x0841, 0x2124, 0x9CF3, 0xDEDB, 0x31A6, 
    0x0861, 0x0020, 0x10A2, 0x4A49, 0x0841, 0x0000, 0x0000, 0x0000, 
    0x0000, 0x0000, 0x0000, 0x0000, 0x0841, 0x18E3, 0x0000, 0x0000, 
    0x31A6, 0x3186, 0x31A6, 0x4208, 0x528A, 0x528A, 0x8C71, 0xEF7D, 
    0xFFFF, 0xFFFF, 0xF79E, 0xC618, 0xDEFB, 0xFFFF, 0xFFFF, 0xFFFF, 
    0xFFFF, 0xFFFF, 0xDEFB, 0xB596, 0xFFFF, 0xFFFF, 0xFFFF, 0xFFFF, 
    0xFFFF, 0xFFFF, 0xFFFF, 0xFFFF, 0xFFFF, 0xFFFF, 0xFFFF, 0xEF5D, 
    0xC618, 0x2965, 0x39E7, 0x2104, 0x0000, 0x0000, 0x0000, 0x0000, 
    0x0000, 0x0000, 0x0000, 0x0000, 0x0000, 0x0000, 0x0000, 0x0000, 
    0x0000, 0x0020, 0x0861, 0x0861, 0x0000, 0x0000, 0x0000, 0x0000, 
    0x18E3, 0x18E3, 0x31A6, 0x630C, 0xB596, 0x738E, 0x2104, 0x1082, 
    0x3186, 0x52AA, 0x8C51, 0xF79E, 0xAD75, 0x94B2, 0xF7BE, 0xF79E, 
    0xF79E, 0xFFFF, 0xFFFF, 0xFFFF, 0xFFFF, 0xFFFF, 0xFFFF, 0xFFFF, 
    0xFFFF, 0xFFDF, 0xAD75, 0x6B4D, 0x2965, 0x1082, 0x1082, 0x39C7, 
    0x8410, 0x7BEF, 0x8C71, 0xA514, 0xCE79, 0x31A6, 0x0000, 0x0020, 
    0x0841, 0x0841, 0x0841, 0x0000, 0x0000, 0x0000, 0x0020, 0x0020, 
    0x0000, 0x0000, 0x0000, 0x0841, 0x1082, 0x3186, 0x4228, 0x18C3, 
    0x1082, 0x0020, 0x0000, 0x0841, 0x0020, 0x0000, 0x0000, 0x0000, 
    0x0000, 0x0841, 0x0000, 0x0000, 0x0020, 0x2104, 0x0020, 0x0020, 
    0x39E7, 0x39E7, 0x4228, 0x528A, 0x52AA, 0xA514, 0xFFDF, 0xFFFF, 
    0xFFFF, 0xC638, 0xA534, 0xD6BA, 0xFFFF, 0xFFFF, 0xFFFF, 0xFFFF, 
    0xFFFF, 0xFFFF, 0xA514, 0xEF5D, 0xFFFF, 0xFFFF, 0xFFFF, 0xFFFF, 
    0xFFFF, 0xF79E, 0xD69A, 0xAD75, 0x8430, 0x5ACB, 0x31A6, 0x1082, 
    0x0000, 0x0000, 0x0000, 0x0000, 0x0000, 0x0000, 0x0000, 0x0841, 
    0x0841, 0x1082, 0x1082, 0x2104, 0x2104, 0x2104, 0x0861, 0x2945, 
    0x18C3, 0x18C3, 0x4208, 0x39E7, 0x31A6, 0x2945, 0x18C3, 0x0020, 
    0x0000, 0x0000, 0x2124, 0x5ACB, 0x8410, 0xE73C, 0xF79E, 0xA514, 
    0x630C, 0x4208, 0x4228, 0x4A49, 0x4A49, 0x52AA, 0x6B6D, 0x8410, 
    0x9CF3, 0x9CF3, 0xD69A, 0xFFFF, 0xFFFF, 0xFFFF, 0xFFFF, 0xFFFF, 
    0xFFFF, 0xFFDF, 0xE71C, 0xEF5D, 0x5ACB, 0x2104, 0xAD75, 0xE71C, 
    0xDEDB, 0xEF7D, 0xFFFF, 0xFFFF, 0xAD75, 0x0000, 0x0020, 0x0861, 
    0x18C3, 0x18C3, 0x10A2, 0x0861, 0x0020, 0x0000, 0x0000, 0x0000, 
    0x0000, 0x0000, 0x0000, 0x0020, 0x1082, 0x1082, 0x1082, 0x1082, 
    0x0841, 0x0000, 0x0000, 0x0000, 0x0000, 0x0000, 0x0000, 0x0000, 
    0x0000, 0x0861, 0x0000, 0x0000, 0x0000, 0x0000, 0x0000, 0x0020, 
    0x39E7, 0x4A49, 0x528A, 0x52AA, 0xB5B6, 0xFFFF, 0xFFFF, 0xE71C, 
    0x94B2, 0xAD55, 0xBDD7, 0xCE59, 0xFFFF, 0xFFFF, 0xFFFF, 0xFFFF, 
    0xFFFF, 0xBDF7, 0xAD55, 0xFFFF, 0xFFFF, 0xFFFF, 0xF79E, 0xD6BA, 
    0xA534, 0x7BCF, 0x528A, 0x3186, 0x10A2, 0x0020, 0x0000, 0x0000, 
    0x0000, 0x0020, 0x0861, 0x1082, 0x10A2, 0x2104, 0x39C7, 0x2945, 
    0x31A6, 0x4208, 0x2124, 0x39C7, 0x4228, 0x2945, 0x2104, 0x4A49, 
    0x18E3, 0x2945, 0x4228, 0x4208, 0x4A49, 0x4A49, 0x4A69, 0x18E3, 
    0x2104, 0x2104, 0x0020, 0x10A2, 0x4A49, 0x73AE, 0xC618, 0xFFFF, 
    0xFFFF, 0xEF7D, 0xDEFB, 0xCE59, 0xCE79, 0xD6BA, 0xE71C, 0xEF7D, 
    0xFFFF, 0xD6BA, 0x7BEF, 0xAD55, 0xFFDF, 0xFFFF, 0xFFFF, 0xFFFF, 
    0xFFFF, 0xFFFF, 0xE73C, 0xD6BA, 0x4A49, 0x9CD3, 0xFFFF, 0xFFFF, 
    0xFFFF, 0xFFFF, 0xFFFF, 0xF7BE, 0x39E7, 0x0000, 0x0841, 0x10A2, 
    0x2945, 0x31A6, 0x2965, 0x18C3, 0x0841, 0x0000, 0x0000, 0x0000, 
    0x0000, 0x0000, 0x0000, 0x0000, 0x0020, 0x0841, 0x0841, 0x0841, 
    0x0020, 0x0000, 0x0000, 0x0000, 0x0000, 0x0000, 0x0000, 0x0000, 
    0x0000, 0x0000, 0x0000, 0x0000, 0x0000, 0x0000, 0x0000, 0x0000, 
    0x4A69, 0x4A49, 0x630C, 0xD69A, 0xFFFF, 0xFFFF, 0xB5B6, 0x6B4D, 
    0xAD75, 0xE71C, 0x9CF3, 0xFFFF, 0xFFFF, 0xFFFF, 0xFFFF, 0xFFFF, 
    0xFFFF, 0x7BEF, 0xEF5D, 0xEF5D, 0xAD75, 0x8C71, 0x6B6D, 0x4228, 
    0x2945, 0x10A2, 0x0841, 0x0841, 0x0861, 0x10A2, 0x2104, 0x0861, 
    0x18E3, 0x39C7, 0x39E7, 0x4208, 0x4208, 0x4228, 0x4A49, 0x2965, 
    0x2965, 0x4228, 0x39C7, 0x18E3, 0x18C3, 0x2124, 0x4208, 0x39C7, 
    0x0861, 0x4208, 0x4228, 0x4A49, 0x4A49, 0x4A69, 0x31A6, 0x2124, 
    0x5ACB, 0x5ACB, 0x5ACB, 0x39C7, 0x4208, 0x7BEF, 0x73AE, 0x9CD3, 
    0xE73C, 0xFFFF, 0xFFFF, 0xFFFF, 0xFFFF, 0xFFFF, 0xFFFF, 0xFFFF, 
    0xFFFF, 0xFFFF, 0xFFDF, 0xA514, 0x73AE, 0xCE59, 0xFFFF, 0xFFFF, 
    0xFFFF, 0xFFFF, 0xF7BE, 0xCE59, 0x8410, 0xFFFF, 0xFFFF, 0xFFFF, 
    0xFFFF, 0xFFFF, 0xFFFF, 0xD6BA, 0x1082, 0x0020, 0x1082, 0x2124, 
    0x52AA, 0x8410, 0x5AEB, 0x3186, 0x1082, 0x0000, 0x0000, 0x0000, 
    0x0000, 0x0000, 0x0000, 0x0000, 0x0000, 0x0020, 0x0020, 0x0000, 
    0x0000, 0x0000, 0x0000, 0x0000, 0x0000, 0x0000, 0x0000, 0x0000, 
    0x0000, 0x0000, 0x0000, 0x0000, 0x0000, 0x0000, 0x0000, 0x0000, 
    0x4208, 0x6B4D, 0xEF5D, 0xFFFF, 0xD69A, 0x8430, 0x738E, 0xC618, 
    0xFFFF, 0x9492, 0xEF5D, 0xFFFF, 0xFFFF, 0xFFFF, 0xFFFF, 0xFFFF, 
    0xAD55, 0x4A49, 0x7BEF, 0x632C, 0x4228, 0x31A6, 0x2104, 0x10A2, 
    0x18E3, 0x2124, 0x31A6, 0x4208, 0x4208, 0x4228, 0x39E7, 0x0861, 
    0x39E7, 0x4228, 0x4208, 0x4208, 0x4208, 0x4208, 0x4228, 0x39E7, 
    0x18E3, 0x4228, 0x4228, 0x4228, 0x4208, 0x4228, 0x4A49, 0x18E3, 
    0x2965, 0x528A, 0x4A69, 0x4A69, 0x52AA, 0x528A, 0x18E3, 0x528A, 
    0x52AA, 0x5ACB, 0x630C, 0x6B6D, 0x738E, 0x7BCF, 0x8410, 0x8C51, 
    0x632C, 0x9CF3, 0xFFFF, 0xFFFF, 0xFFFF, 0xFFFF, 0xFFDF, 0xFFFF, 
    0xFFFF, 0xFFFF, 0xFFFF, 0xFFFF, 0xD69A, 0x7BCF, 0x8430, 0xEF5D, 
    0xFFFF, 0xFFFF, 0xFFFF, 0xBDD7, 0xC618, 0xFFFF, 0xFFFF, 0xFFFF, 
    0xFFFF, 0xFFFF, 0xFFFF, 0x8430, 0x0000, 0x0020, 0x1082, 0x3186, 
    0x9492, 0xFFFF, 0xA514, 0x4A49, 0x18E3, 0x0020, 0x0000, 0x0000, 
    0x0000, 0x0000, 0x0000, 0x0000, 0x0000, 0x0000, 0x0000, 0x0000, 
    0x0000, 0x0000, 0x0000, 0x0000, 0x0000, 0x0000, 0x0000, 0x0000, 
    0x0000, 0x0000, 0x0841, 0x10A2, 0x0000, 0x0000, 0x0000, 0x0000, 
    0x73AE, 0xFFDF, 0xEF7D, 0x9CF3, 0x6B4D, 0x7BCF, 0xD6BA, 0xFFFF, 
    0xCE79, 0xA514, 0xF7BE, 0xD6BA, 0xFFFF, 0xFFFF, 0xFFFF, 0xAD75, 
    0x31A6, 0x4A49, 0x4A69, 0x2965, 0x2945, 0x2965, 0x39C7, 0x39E7, 
    0x4208, 0x4228, 0x4228, 0x4A49, 0x4228, 0x4A49, 0x18C3, 0x18E3, 
    0x4A49, 0x4208, 0x4228, 0x4A49, 0x4A49, 0x4228, 0x4228, 0x4A49, 
    0x3186, 0x2124, 0x4228, 0x4228, 0x4A49, 0x4A69, 0x3186, 0x18C3, 
    0x4A69, 0x528A, 0x52AA, 0x528A, 0x52AA, 0x2945, 0x39C7, 0x630C, 
    0x5AEB, 0x630C, 0x6B4D, 0x6B4D, 0x738E, 0x7BCF, 0x8410, 0x73AE, 
    0x4228, 0x8C71, 0xBDD7, 0xF7BE, 0xFFFF, 0xFFFF, 0xCE79, 0xAD55, 
    0xD6BA, 0xFFFF, 0xFFFF, 0xFFDF, 0xFFFF, 0xF7BE, 0x9CD3, 0x6B4D, 
    0xB5B6, 0xFFFF, 0xFFFF, 0xAD55, 0xEF7D, 0xFFFF, 0xFFFF, 0xFFFF, 
    0xFFFF, 0xFFFF, 0xBDF7, 0x18C3, 0x0841, 0x0000, 0x1082, 0x31A6, 
    0x8C71, 0xE71C, 0xDEFB, 0xC618, 0x528A, 0x0000, 0x0000, 0x0000, 
    0x0000, 0x0000, 0x0000, 0x0000, 0x0000, 0x0000, 0x0000, 0x0000, 
    0x0000, 0x0000, 0x0000, 0x0000, 0x0000, 0x0000, 0x0000, 0x0000, 
    0x0000, 0x0000, 0x0000, 0x2104, 0x1082, 0x0000, 0x0000, 0x0000, 
    0xFFFF, 0xC638, 0x632C, 0x5ACB, 0x8C51, 0xEF5D, 0xFFFF, 0xFFFF, 
    0x8C71, 0xCE59, 0xB5B6, 0xC638, 0xFFFF, 0xF7BE, 0x94B2, 0x39E7, 
    0x2945, 0x4A49, 0x4228, 0x4208, 0x4A49, 0x4A49, 0x4A49, 0x4228, 
    0x4228, 0x4208, 0x4208, 0x4208, 0x4228, 0x39C7, 0x0841, 0x39C7, 
    0x4A49, 0x4A49, 0x4A49, 0x4A49, 0x4A49, 0x4228, 0x4228, 0x4228, 
    0x4A49, 0x3186, 0x18E3, 0x2945, 0x3186, 0x2104, 0x10A2, 0x4228, 
    0x528A, 0x528A, 0x528A, 0x5ACB, 0x4228, 0x2104, 0x5ACB, 0x5ACB, 
    0x632C, 0x6B4D, 0x6B6D, 0x738E, 0x73AE, 0x7BCF, 0x8430, 0x5AEB, 
    0x73AE, 0xA514, 0x9CD3, 0xB596, 0xF79E, 0xFFFF, 0xFFDF, 0xD69A, 
    0x9492, 0x8C51, 0xD6BA, 0xFFFF, 0xFFFF, 0xFFFF, 0xE73C, 0x6B6D, 
    0x4228, 0x632C, 0xCE59, 0xEF7D, 0xFFFF, 0xFFFF, 0xFFFF, 0xFFFF, 
    0xFFFF, 0xEF5D, 0x3186, 0x0861, 0x0861, 0x39C7, 0x18E3, 0x2965, 
    0x528A, 0xA534, 0xAD55, 0xE71C, 0xAD75, 0x0000, 0x0000, 0x0000, 
    0x0000, 0x0000, 0x0000, 0x0000, 0x0000, 0x0000, 0x0000, 0x0000, 
    0x0000, 0x0000, 0x0000, 0x0000, 0x0000, 0x0000, 0x0000, 0x0000, 
    0x0000, 0x18E3, 0x0861, 0x0000, 0x0000, 0x0000, 0x0000, 0x0000, 
    0x8430, 0x5ACB, 0x630C, 0x9CF3, 0xF7BE, 0xFFFF, 0xFFFF, 0xD6BA, 
    0x738E, 0xD69A, 0x8410, 0xF79E, 0xF7BE, 0x8430, 0x4A69, 0x2124, 
    0x2124, 0x39E7, 0x39E7, 0x4208, 0x4208, 0x39E7, 0x4208, 0x4228, 
    0x4228, 0x4A49, 0x4228, 0x4228, 0x4A49, 0x2124, 0x1082, 0x4228, 
    0x4A49, 0x4A49, 0x4A49, 0x4A49, 0x4A49, 0x4228, 0x4228, 0x4A49, 
    0x4A49, 0x4A49, 0x4208, 0x31A6, 0x2965, 0x3186, 0x4A49, 0x528A, 
    0x528A, 0x52AA, 0x52AA, 0x5ACB, 0x2124, 0x4208, 0x5AEB, 0x5AEB, 
    0x6B4D, 0x6B6D, 0x738E, 0x73AE, 0x7BCF, 0x8410, 0x8430, 0x8C51, 
    0x8C71, 0x9492, 0xA514, 0xA534, 0xB5B6, 0xEF5D, 0xFFFF, 0xFFFF, 
    0xFFFF, 0xD6BA, 0x8430, 0x9CD3, 0xFFDF, 0xBDD7, 0x6B6D, 0xCE59, 
    0xEF5D, 0xB596, 0x630C, 0x8C51, 0xF79E, 0xFFFF, 0xFFFF, 0xFFFF, 
    0xFFFF, 0x630C, 0x5ACB, 0x18C3, 0x3186, 0x6B6D, 0x1082, 0x18C3, 
    0x31A6, 0xA534, 0x9492, 0xF79E, 0xBDD7, 0x18C3, 0x0841, 0x0000, 
    0x0000, 0x0000, 0x0000, 0x0000, 0x0000, 0x0000, 0x0000, 0x0000, 
    0x0000, 0x0000, 0x0000, 0x0000, 0x0000, 0x0000, 0x0000, 0x0000, 
    0x0000, 0x1082, 0x630C, 0x10A2, 0x0000, 0x0000, 0x0000, 0x0000, 
    0x528A, 0x5AEB, 0xB596, 0xFFFF, 0xFFFF, 0xFFDF, 0xF7BE, 0x7BCF, 
    0x528A, 0x73AE, 0x8C51, 0xFFFF, 0xA534, 0x4A49, 0x4A49, 0x0841, 
    0x3186, 0x31A6, 0x39C7, 0x39E7, 0x4208, 0x4208, 0x4228, 0x4228, 
    0x4A49, 0x4A49, 0x4A69, 0x528A, 0x4A69, 0x0861, 0x2945, 0x4A49, 
    0x4228, 0x4A49, 0x4A49, 0x4A49, 0x4A49, 0x4228, 0x4228, 0x4A49, 
    0x4A49, 0x4228, 0x4A49, 0x4A69, 0x4A69, 0x528A, 0x4A69, 0x528A, 
    0x52AA, 0x52AA, 0x5ACB, 0x4208, 0x2104, 0x5AEB, 0x5AEB, 0x632C, 
    0x6B4D, 0x6B6D, 0x73AE, 0x7BEF, 0x8410, 0x8430, 0x8C51, 0x8C71, 
    0x9492, 0x94B2, 0x9CD3, 0xA534, 0xA534, 0xBDD7, 0xEF7D, 0xFFFF, 
    0xFFFF, 0xFFFF, 0xFFFF, 0xAD75, 0x632C, 0x6B4D, 0xFFDF, 0xFFFF, 
    0xFFFF, 0xFFFF, 0xF7BE, 0x7BCF, 0x5ACB, 0xBDD7, 0xFFFF, 0xFFFF, 
    0x9CF3, 0x5ACB, 0xBDF7, 0x0861, 0xA534, 0x4208, 0x0861, 0x0841, 
    0x2945, 0x94B2, 0x738E, 0xFFFF, 0xB596, 0x18C3, 0x31A6, 0x0020, 
    0x0000, 0x0000, 0x0000, 0x0000, 0x0000, 0x0000, 0x0000, 0x0000, 
    0x0000, 0x0000, 0x0000, 0x0000, 0x0000, 0x0000, 0x0000, 0x0000, 
    0x0000, 0x0000, 0x2104, 0x630C, 0x0861, 0x0000, 0x0000, 0x0000, 
    0x632C, 0xC638, 0xFFFF, 0xFFFF, 0xFFFF, 0xFFFF, 0xB596, 0x3186, 
    0x3186, 0x39C7, 0x9CD3, 0xCE79, 0x632C, 0x528A, 0x2965, 0x1082, 
    0x4208, 0x39C7, 0x39E7, 0x39C7, 0x39E7, 0x39E7, 0x4208, 0x4208, 
    0x4228, 0x4228, 0x528A, 0x5AEB, 0x4228, 0x0861, 0x4A49, 0x4A69, 
    0x4A49, 0x4A69, 0x4A69, 0x4228, 0x2965, 0x4208, 0x4A49, 0x4A49, 
    0x4A49, 0x4A49, 0x4A49, 0x4A49, 0x4A49, 0x4A69, 0x528A, 0x52AA, 
    0x52AA, 0x52AA, 0x5AEB, 0x2124, 0x4208, 0x6B4D, 0x630C, 0x6B4D, 
    0x6B6D, 0x738E, 0x73AE, 0x7BEF, 0x8430, 0x8C51, 0x8C71, 0x9492, 
    0x94B2, 0x9CF3, 0x9CF3, 0xA514, 0xAD55, 0xAD75, 0xBDF7, 0xF7BE, 
    0xFFFF, 0xFFDF, 0xFFFF, 0xBDD7, 0x8C71, 0x9CF3, 0x94B2, 0xEF5D, 
    0xFFFF, 0xFFFF, 0xE71C, 0x9CF3, 0xC638, 0x52AA, 0x738E, 0xCE59, 
    0x6B6D, 0xBDD7, 0x4A69, 0x4208, 0xDEDB, 0x18E3, 0x18C3, 0x0000, 
    0x2104, 0x7BCF, 0x4A49, 0xFFFF, 0xA514, 0x0000, 0x0841, 0x0000, 
    0x0000, 0x0000, 0x0000, 0x0000, 0x0000, 0x0000, 0x0000, 0x0000, 
    0x0000, 0x0000, 0x0000, 0x0000, 0x0000, 0x0000, 0x0000, 0x0000, 
    0x0000, 0x0000, 0x0000, 0x10A2, 0x2124, 0x0020, 0x0000, 0x0000, 
    0xDEFB, 0xFFFF, 0xFFFF, 0xFFFF, 0xFFDF, 0xEF5D, 0x528A, 0x18C3, 
    0x2965, 0x31A6, 0x7BCF, 0xAD55, 0x4208, 0x4208, 0x1082, 0x2104, 
    0x4208, 0x4208, 0x4228, 0x4228, 0x39E7, 0x39C7, 0x39C7, 0x39E7, 
    0x4208, 0x4208, 0x4228, 0x4A69, 0x2124, 0x18C3, 0x52AA, 0x528A, 
    0x52AA, 0x4A69, 0x2104, 0x18E3, 0x0861, 0x31A6, 0x4A69, 0x4A49, 
    0x4A49, 0x4A49, 0x4A69, 0x4A49, 0x4A69, 0x528A, 0x528A, 0x52AA, 
    0x52AA, 0x52AA, 0x4A49, 0x18C3, 0x5AEB, 0x630C, 0x632C, 0x6B4D, 
    0x738E, 0x73AE, 0x7BEF, 0x8410, 0x8430, 0x8C71, 0x9492, 0x94B2, 
    0x9CF3, 0x9CF3, 0x9CF3, 0xA534, 0xAD55, 0xB596, 0xB5B6, 0xCE59, 
    0xF79E, 0xFFFF, 0xBDD7, 0x8C71, 0xFFFF, 0xFFFF, 0xC638, 0x8C51, 
    0xB596, 0xFFFF, 0x9CF3, 0xDEFB, 0xFFFF, 0xBDD7, 0x8C71, 0x4208, 
    0x7BCF, 0xBDF7, 0x7BEF, 0x94B2, 0xAD75, 0x10A2, 0x18C3, 0x0000, 
    0x2104, 0x8410, 0x2945, 0xBDF7, 0x73AE, 0x0000, 0x0020, 0x0000, 
    0x0000, 0x0000, 0x0000, 0x0000, 0x0000, 0x0000, 0x0000, 0x0000, 
    0x0000, 0x0000, 0x0000, 0x0000, 0x0000, 0x0000, 0x0000, 0x0000, 
    0x0000, 0x0000, 0x0020, 0x0000, 0x0000, 0x0000, 0x0000, 0x0000, 
    0xFFFF, 0xFFFF, 0xEF5D, 0xAD75, 0xBDD7, 0x9CD3, 0x10A2, 0x0861, 
    0x2124, 0x2965, 0x8C51, 0x52AA, 0x2945, 0x2124, 0x0020, 0x2965, 
    0x39C7, 0x39E7, 0x4208, 0x4228, 0x39E7, 0x39C7, 0x31A6, 0x39C7, 
    0x39E7, 0x39E7, 0x39E7, 0x4208, 0x0841, 0x2945, 0x4A49, 0x4A49, 
    0x528A, 0x4208, 0x2104, 0x4A49, 0x2945, 0x31A6, 0x4A49, 0x4A49, 
    0x4A49, 0x4A69, 0x4A69, 0x4A69, 0x528A, 0x528A, 0x528A, 0x52AA, 
    0x52AA, 0x5ACB, 0x2945, 0x3186, 0x632C, 0x632C, 0x6B4D, 0x6B6D, 
    0x738E, 0x7BCF, 0x7BEF, 0x8430, 0x8C51, 0x8C71, 0x94B2, 0x9CD3, 
    0x9CF3, 0xA514, 0xA514, 0xAD55, 0xAD75, 0xB596, 0xBDD7, 0xBDD7, 
    0xCE79, 0xC638, 0x9CD3, 0xFFFF, 0xFFFF, 0xFFFF, 0xFFFF, 0xF7BE, 
    0xA514, 0x8410, 0xA514, 0xFFFF, 0xEF5D, 0xC638, 0xDEDB, 0x9492, 
    0x4228, 0x738E, 0xB596, 0xC638, 0x2104, 0x2104, 0x10A2, 0x0000, 
    0x18E3, 0xB5B6, 0x10A2, 0x8410, 0x4228, 0x0000, 0x0000, 0x0000, 
    0x0000, 0x0000, 0x0000, 0x0000, 0x0000, 0x0000, 0x0000, 0x0000, 
    0x0000, 0x0000, 0x0000, 0x0000, 0x0000, 0x0000, 0x0000, 0x0000, 
    0x0000, 0x0000, 0x0000, 0x0000, 0x0000, 0x0000, 0x0000, 0x0000, 
    0xE71C, 0x94B2, 0x6B4D, 0xB5B6, 0xEF5D, 0x5ACB, 0x1082, 0x0841, 
    0x2104, 0x31A6, 0x3186, 0x2965, 0x3186, 0x10A2, 0x0020, 0x2965, 
    0x2965, 0x31A6, 0x39C7, 0x39C7, 0x39E7, 0x39C7, 0x39C7, 0x31A6, 
    0x31A6, 0x39C7, 0x39E7, 0x3186, 0x0020, 0x39C7, 0x4208, 0x4228, 
    0x4A49, 0x31A6, 0x3186, 0x4A69, 0x2945, 0x39C7, 0x4A49, 0x4228, 
    0x4A49, 0x4A69, 0x528A, 0x528A, 0x528A, 0x52AA, 0x528A, 0x52AA, 
    0x52AA, 0x52AA, 0x18E3, 0x4A69, 0x632C, 0x632C, 0x6B6D, 0x738E, 
    0x73AE, 0x7BCF, 0x7BEF, 0x8430, 0x8C71, 0x9492, 0x9CD3, 0x9CF3, 
    0xA514, 0xA534, 0xA534, 0xAD55, 0xAD75, 0xB5B6, 0xB596, 0xC618, 
    0xB596, 0x52AA, 0xDEDB, 0xFFFF, 0xFFFF, 0xFFFF, 0xFFFF, 0xFFFF, 
    0xFFFF, 0xC638, 0x6B4D, 0x9CD3, 0xE73C, 0xC638, 0xC618, 0xAD75, 
    0xC638, 0x10A2, 0x528A, 0xA534, 0x4A49, 0x10A2, 0x2124, 0x0861, 
    0x0841, 0xCE79, 0xBDF7, 0xC618, 0x0861, 0x0000, 0x0000, 0x0000, 
    0x0000, 0x0000, 0x0000, 0x0000, 0x0000, 0x0000, 0x0000, 0x0000, 
    0x0000, 0x0000, 0x0000, 0x0000, 0x0000, 0x0000, 0x0000, 0x0000, 
    0x0000, 0x0000, 0x0000, 0x0000, 0x0000, 0x0000, 0x0020, 0x0020, 
    0x4A69, 0x6B6D, 0xD69A, 0xA534, 0x39C7, 0x18E3, 0x18C3, 0x0841, 
    0x2104, 0x3186, 0x4A49, 0x2945, 0x2965, 0x0841, 0x10A2, 0x2965, 
    0x2945, 0x2965, 0x3186, 0x31A6, 0x39C7, 0x39E7, 0x39E7, 0x39C7, 
    0x39C7, 0x39C7, 0x39C7, 0x18E3, 0x0841, 0x39E7, 0x4208, 0x4228, 
    0x4A49, 0x2965, 0x3186, 0x4A49, 0x2945, 0x31A6, 0x4A49, 0x4228, 
    0x4A49, 0x4A69, 0x4A69, 0x528A, 0x528A, 0x52AA, 0x5ACB, 0x52AA, 
    0x5ACB, 0x4208, 0x2124, 0x6B4D, 0x6B4D, 0x6B4D, 0x6B4D, 0x738E, 
    0x73AE, 0x7BEF, 0x8C71, 0x8C51, 0x9492, 0x94B2, 0x9CD3, 0x9CF3, 
    0xA514, 0xA534, 0xA534, 0xAD75, 0xB596, 0xB596, 0xB5B6, 0xB5B6, 
    0x5ACB, 0xA534, 0xDEDB, 0xE71C, 0xF7BE, 0xFFFF, 0xFFFF, 0xFFFF, 
    0xFFFF, 0xEF5D, 0xC618, 0xAD55, 0x6B6D, 0x8410, 0xE73C, 0xEF5D, 
    0xDEDB, 0x738E, 0x5ACB, 0x39E7, 0x39C7, 0x2104, 0x31A6, 0x0861, 
    0x0000, 0x630C, 0xF7BE, 0x52AA, 0x0000, 0x0000, 0x0000, 0x0000, 
    0x0000, 0x0000, 0x0000, 0x0000, 0x0000, 0x0000, 0x0000, 0x0000, 
    0x0000, 0x0000, 0x0000, 0x0000, 0x0000, 0x0000, 0x0000, 0x0000, 
    0x0000, 0x0000, 0x0000, 0x0000, 0x0000, 0x0000, 0x0020, 0x0020, 
    0x7BEF, 0xAD55, 0x5AEB, 0x3186, 0x18C3, 0x2945, 0x1082, 0x0861, 
    0x2965, 0x2104, 0x39E7, 0x2945, 0x18E3, 0x0000, 0x2124, 0x3186, 
    0x2965, 0x3186, 0x3186, 0x31A6, 0x39C7, 0x39C7, 0x39E7, 0x39E7, 
    0x39E7, 0x39C7, 0x39C7, 0x0861, 0x10A2, 0x39E7, 0x4208, 0x4228, 
    0x4A49, 0x3186, 0x31A6, 0x4A69, 0x2965, 0x31A6, 0x52AA, 0x4A49, 
    0x4A69, 0x528A, 0x528A, 0x52AA, 0x52AA, 0x52AA, 0x5ACB, 0x5ACB, 
    0x5AEB, 0x2965, 0x2965, 0x6B4D, 0x632C, 0x6B4D, 0x6B6D, 0x738E, 
    0x7BCF, 0x7BCF, 0x9CD3, 0x8C71, 0x9492, 0x9CD3, 0x9CD3, 0xA514, 
    0xA534, 0xA534, 0xAD55, 0xAD75, 0xB5B6, 0xB5B6, 0xC618, 0x632C, 
    0x738E, 0xD6BA, 0xD6BA, 0xDEFB, 0xE73C, 0xEF7D, 0xFFDF, 0xFFFF, 
    0xFFFF, 0xF79E, 0xB5B6, 0xFFFF, 0xD6BA, 0x73AE, 0x7BEF, 0xBDD7, 
    0x73AE, 0xC638, 0xB5B6, 0x39E7, 0x0861, 0x39E7, 0x4228, 0x0841, 
    0x1082, 0x0861, 0x2104, 0x0000, 0x2965, 0x2104, 0x0000, 0x0000, 
    0x0861, 0x0000, 0x0000, 0x0000, 0x0000, 0x0000, 0x0000, 0x0000, 
    0x0000, 0x0000, 0x0000, 0x0000, 0x0000, 0x0000, 0x0000, 0x0000, 
    0x0000, 0x0000, 0x0000, 0x0000, 0x0000, 0x0000, 0x0020, 0x0020, 
    0x5AEB, 0x2945, 0x2945, 0x2945, 0x2104, 0x3186, 0x0861, 0x10A2, 
    0x39E7, 0x4208, 0x2124, 0x2965, 0x10A2, 0x0020, 0x2945, 0x2945, 
    0x3186, 0x3186, 0x31A6, 0x31A6, 0x31A6, 0x39C7, 0x39E7, 0x39E7, 
    0x4208, 0x39E7, 0x31A6, 0x0000, 0x2945, 0x4208, 0x4208, 0x4208, 
    0x4A49, 0x3186, 0x39C7, 0x5ACB, 0x31A6, 0x18C3, 0x31A6, 0x31A6, 
    0x39C7, 0x39E7, 0x4A49, 0x52AA, 0x52AA, 0x5ACB, 0x5ACB, 0x5ACB, 
    0x5AEB, 0x2104, 0x4228, 0x632C, 0x632C, 0x6B4D, 0x738E, 0x73AE, 
    0x7BCF, 0x7BEF, 0x8C51, 0x8C51, 0x9CF3, 0x9CF3, 0x9CF3, 0xA514, 
    0xA514, 0xAD55, 0xAD75, 0xB596, 0xB596, 0xBDF7, 0x8C51, 0x4A69, 
    0xCE59, 0xD69A, 0xDEDB, 0xDEFB, 0xE71C, 0xE71C, 0xE73C, 0xF79E, 
    0xFFFF, 0xFFFF, 0xBDF7, 0xD6BA, 0xFFFF, 0xFFFF, 0x9CD3, 0x39C7, 
    0x7BEF, 0xFFFF, 0x8430, 0xD69A, 0x7BCF, 0x0841, 0x3186, 0x18E3, 
    0x10A2, 0x10A2, 0x0861, 0x0000, 0x18C3, 0x39E7, 0x0000, 0x0000, 
    0x2965, 0x18E3, 0x0000, 0x0000, 0x0000, 0x0000, 0x0000, 0x0000, 
    0x0000, 0x0000, 0x0000, 0x0000, 0x0000, 0x0000, 0x0000, 0x0000, 
    0x0000, 0x0000, 0x0000, 0x0000, 0x0000, 0x0000, 0x0020, 0x0841, 
    0x2104, 0x2945, 0x2124, 0x1082, 0x2945, 0x2945, 0x0841, 0x18E3, 
    0x4228, 0x3186, 0x2945, 0x2965, 0x0861, 0x0861, 0x3186, 0x2945, 
    0x2965, 0x3186, 0x31A6, 0x39C7, 0x39C7, 0x39C7, 0x39C7, 0x39C7, 
    0x39E7, 0x4208, 0x2965, 0x0020, 0x39C7, 0x4228, 0x4228, 0x4228, 
    0x4A49, 0x2965, 0x630C, 0x73AE, 0x4208, 0x2965, 0x2945, 0x2945, 
    0x2104, 0x3186, 0x2104, 0x4A69, 0x5ACB, 0x5ACB, 0x5AEB, 0x5ACB, 
    0x52AA, 0x18C3, 0x5ACB, 0x632C, 0x6B4D, 0x738E, 0x73AE, 0x7BCF, 
    0x7BEF, 0x8410, 0x8430, 0x8C51, 0x9CF3, 0x9CF3, 0x9CF3, 0xA514, 
    0xA534, 0xA534, 0xAD55, 0xAD75, 0xB596, 0xAD55, 0x4228, 0xA514, 
    0xCE59, 0xCE79, 0xDEDB, 0xDEFB, 0xE71C, 0xE73C, 0xEF7D, 0xEF7D, 
    0xF79E, 0xFFDF, 0xF7BE, 0xAD75, 0xEF7D, 0xFFFF, 0xFFFF, 0xDEDB, 
    0x8430, 0xAD75, 0x7BCF, 0xE71C, 0xFFFF, 0x9CF3, 0x18E3, 0x0020, 
    0x0861, 0x2965, 0x2124, 0x0000, 0x0000, 0x0841, 0x0000, 0x0000, 
    0x18C3, 0x6B4D, 0x0861, 0x0000, 0x0000, 0x0000, 0x0000, 0x0000, 
    0x0000, 0x0000, 0x0000, 0x0000, 0x0000, 0x0000, 0x0000, 0x0000, 
    0x0000, 0x0000, 0x0000, 0x0000, 0x0000, 0x0000, 0x0000, 0x0861, 
    0x2945, 0x2965, 0x10A2, 0x18C3, 0x2124, 0x2124, 0x0020, 0x2104, 
    0x2124, 0x2124, 0x2965, 0x2945, 0x0000, 0x18E3, 0x3186, 0x2965, 
    0x3186, 0x3186, 0x31A6, 0x31A6, 0x39C7, 0x39E7, 0x39C7, 0x4208, 
    0x39E7, 0x4A49, 0x2124, 0x0841, 0x4208, 0x4228, 0x4A49, 0x4A49, 
    0x4A69, 0x31A6, 0x7BEF, 0x6B6D, 0x4A49, 0x52AA, 0x528A, 0x528A, 
    0x4A69, 0x7BCF, 0x2945, 0x528A, 0x5ACB, 0x5AEB, 0x5AEB, 0x630C, 
    0x4208, 0x31A6, 0x6B6D, 0x632C, 0x6B6D, 0x73AE, 0x7BCF, 0x7BEF, 
    0x7BEF, 0x8430, 0x8C51, 0x8C71, 0xA514, 0x9CF3, 0x9CD3, 0xA534, 
    0xB596, 0xA534, 0xAD55, 0xAD55, 0xBDF7, 0x632C, 0x632C, 0xCE59, 
    0xC618, 0xD69A, 0xDEDB, 0xDEDB, 0xE71C, 0xE71C, 0xE73C, 0xEF7D, 
    0xF7BE, 0xFFDF, 0xFFFF, 0xEF5D, 0xAD75, 0xCE79, 0xF7BE, 0xFFFF, 
    0xEF5D, 0x9CF3, 0x8430, 0x73AE, 0xC638, 0xFFFF, 0xEF5D, 0x630C, 
    0x0000, 0x0020, 0x0861, 0x0000, 0x0020, 0x0000, 0x0000, 0x0000, 
    0x0841, 0x4A69, 0x6B4D, 0x2965, 0x0000, 0x0000, 0x0000, 0x0000, 
    0x0000, 0x0000, 0x0000, 0x0000, 0x0000, 0x0000, 0x0000, 0x0000, 
    0x0000, 0x0000, 0x0000, 0x0000, 0x0000, 0x0000, 0x0000, 0x0020, 
    0x2124, 0x2104, 0x18C3, 0x2945, 0x2124, 0x2104, 0x0020, 0x18E3, 
    0x2945, 0x2965, 0x3186, 0x2104, 0x0000, 0x2124, 0x31A6, 0x31A6, 
    0x39C7, 0x39C7, 0x31A6, 0x31A6, 0x39C7, 0x31A6, 0x5AEB, 0x528A, 
    0x39E7, 0x4228, 0x10A2, 0x1082, 0x4228, 0x4A49, 0x528A, 0x528A, 
    0x528A, 0x39C7, 0x630C, 0x52AA, 0x4A49, 0x4A49, 0x5ACB, 0x528A, 
    0x630C, 0x73AE, 0x4208, 0x5ACB, 0x5AEB, 0x5AEB, 0x5AEB, 0x632C, 
    0x2965, 0x5AEB, 0x73AE, 0x6B4D, 0x738E, 0x73AE, 0x7BEF, 0x7BEF, 
    0x8410, 0x8430, 0x8C51, 0x8C71, 0x9CF3, 0x9CF3, 0x9CF3, 0xA534, 
    0xB596, 0xA534, 0xAD55, 0xAD75, 0x9CD3, 0x4208, 0xAD75, 0xC618, 
    0xC638, 0xCE79, 0xD6BA, 0xDEFB, 0xDEFB, 0xEF5D, 0xF79E, 0xEF7D, 
    0xEF7D, 0xFFDF, 0xFFDF, 0xFFFF, 0xFFDF, 0xBDF7, 0xA534, 0x9CF3, 
    0x94B2, 0xBDD7, 0xF79E, 0xB5B6, 0x738E, 0x632C, 0x9CD3, 0xD6BA, 
    0xBDF7, 0x630C, 0x0861, 0x0000, 0x0000, 0x0020, 0x0020, 0x0000, 
    0x18C3, 0x1082, 0x630C, 0x6B6D, 0x18E3, 0x0000, 0x0000, 0x0000, 
    0x0000, 0x0000, 0x0861, 0x0000, 0x0000, 0x0000, 0x0000, 0x0000, 
    0x0000, 0x0000, 0x0000, 0x0000, 0x0000, 0x0000, 0x0000, 0x0020, 
    0x2104, 0x1082, 0x2104, 0x2124, 0x2965, 0x2104, 0x0841, 0x2124, 
    0x2104, 0x2945, 0x3186, 0x10A2, 0x0000, 0x2965, 0x31A6, 0x39C7, 
    0x39C7, 0x39E7, 0x4208, 0x4208, 0x39C7, 0x528A, 0x7BEF, 0x4208, 
    0x4A49, 0x4228, 0x0861, 0x18C3, 0x4A49, 0x4A49, 0x52AA, 0x52AA, 
    0x52AA, 0x4228, 0x4208, 0x5ACB, 0x4228, 0x2104, 0x2945, 0x2124, 
    0x2965, 0x39E7, 0x6B4D, 0x5ACB, 0x630C, 0x632C, 0x632C, 0x6B4D, 
    0x2124, 0x6B6D, 0x632C, 0x52AA, 0x6B4D, 0x7BEF, 0x7BEF, 0x8410, 
    0x8430, 0x8C51, 0x8C71, 0x9492, 0x9CF3, 0x9CF3, 0x9CF3, 0xA514, 
    0xAD55, 0xAD55, 0xA534, 0xB596, 0x5ACB, 0x6B6D, 0xC618, 0xB5B6, 
    0xC618, 0xCE59, 0xCE79, 0xD6BA, 0xE73C, 0xC638, 0xBDD7, 0xEF5D, 
    0xFFFF, 0xFFDF, 0xFFDF, 0xFFDF, 0xFFDF, 0xFFFF, 0xFFDF, 0xF79E, 
    0xFFFF, 0xFFFF, 0xFFFF, 0xFFFF, 0xFFFF, 0xD6BA, 0x94B2, 0x5AEB, 
    0x6B4D, 0x632C, 0x2104, 0x73AE, 0x31A6, 0x0841, 0x0000, 0x0841, 
    0x18E3, 0x2124, 0x3186, 0x5ACB, 0x632C, 0x4228, 0x0841, 0x0000, 
    0x0000, 0x0000, 0x18C3, 0x0861, 0x0000, 0x0000, 0x0000, 0x0000, 
    0x0000, 0x0000, 0x0000, 0x0000, 0x0000, 0x0000, 0x0000, 0x0000, 
    0x18E3, 0x18E3, 0x2124, 0x2104, 0x2945, 0x18E3, 0x0861, 0x2945, 
    0x2945, 0x2124, 0x2965, 0x1082, 0x0020, 0x3186, 0x39C7, 0x39E7, 
    0x4208, 0x4208, 0x4208, 0x4228, 0x4208, 0x8410, 0x5ACB, 0x4208, 
    0x4A49, 0x4228, 0x0841, 0x2124, 0x528A, 0x528A, 0x52AA, 0x5ACB, 
    0x5ACB, 0x4A49, 0x31A6, 0x630C, 0x4228, 0x39C7, 0x528A, 0x4A69, 
    0x4A49, 0x6B6D, 0x73AE, 0x630C, 0x6B4D, 0x6B4D, 0x632C, 0x6B4D, 
    0x2104, 0x630C, 0x632C, 0x6B4D, 0x632C, 0x73AE, 0x7BEF, 0x8410, 
    0x8C51, 0x8C71, 0x94B2, 0x94B2, 0x9CD3, 0x9CF3, 0xA514, 0xAD55, 
    0xA534, 0xA534, 0xAD55, 0x9CD3, 0x39C7, 0xA514, 0xB5B6, 0xBDD7, 
    0xBDF7, 0xC638, 0xCE59, 0xD6BA, 0xC638, 0x8410, 0xA514, 0x94B2, 
    0xB596, 0xEF7D, 0xFFDF, 0xFFFF, 0xFFFF, 0xF7BE, 0xFFFF, 0xFFFF, 
    0xFFFF, 0xFFFF, 0xFFFF, 0xFFFF, 0xFFFF, 0xFFFF, 0xFFFF, 0xFFDF, 
    0x5ACB, 0x5AEB, 0x632C, 0xA534, 0xFFDF, 0xB5B6, 0x6B4D, 0x3186, 
    0x10A2, 0x18E3, 0x2124, 0x39C7, 0x73AE, 0xBDF7, 0x4A69, 0x0000, 
    0x0000, 0x0000, 0x0000, 0x0020, 0x0000, 0x0000, 0x0000, 0x0000, 
    0x0000, 0x0000, 0x0000, 0x0000, 0x0000, 0x0000, 0x0000, 0x0020, 
    0x2945, 0x2945, 0x2945, 0x2124, 0x2124, 0x10A2, 0x0861, 0x2965, 
    0x2965, 0x3186, 0x3186, 0x0841, 0x0861, 0x31A6, 0x39C7, 0x4208, 
    0x4228, 0x4A49, 0x4A49, 0x4228, 0x5ACB, 0x6B4D, 0x4A49, 0x528A, 
    0x528A, 0x4228, 0x0020, 0x3186, 0x5ACB, 0x52AA, 0x5ACB, 0x5AEB, 
    0x5AEB, 0x4A69, 0x31A6, 0x630C, 0x4208, 0x4208, 0x6B4D, 0x632C, 
    0x6B6D, 0x7BCF, 0x6B4D, 0x6B6D, 0x6B6D, 0x738E, 0x6B6D, 0x6B6D, 
    0x18C3, 0x5AEB, 0x7BCF, 0x6B6D, 0x6B4D, 0x8410, 0x528A, 0x7BEF, 
    0x8C51, 0x8C71, 0x94B2, 0x9CD3, 0x9CD3, 0x9CF3, 0xA514, 0xB596, 
    0xA534, 0xA534, 0xAD75, 0x632C, 0x5ACB, 0xB596, 0xAD75, 0xB5B6, 
    0xBDD7, 0xC618, 0xC618, 0xD6BA, 0x9492, 0xAD55, 0xF79E, 0xD6BA, 
    0xA534, 0x8C51, 0xEF5D, 0xCE59, 0xF79E, 0xFFFF, 0xFFFF, 0xFFFF, 
    0xFFFF, 0xFFFF, 0xFFFF, 0xFFFF, 0xFFFF, 0xFFFF, 0xF7BE, 0x8C51, 
    0xB5B6, 0xFFFF, 0xFFFF, 0xD69A, 0xFFFF, 0xFFFF, 0xFFFF, 0xF79E, 
    0xB5B6, 0x6B4D, 0x2965, 0x10A2, 0x4228, 0xC638, 0xAD75, 0x0841, 
    0x0000, 0x0000, 0x0000, 0x0000, 0x0000, 0x0000, 0x0000, 0x0000, 
    0x0000, 0x0000, 0x0000, 0x0000, 0x0000, 0x0000, 0x0000, 0x0020, 
    0x2965, 0x2965, 0x3186, 0x2965, 0x2965, 0x18C3, 0x0861, 0x2945, 
    0x2945, 0x3186, 0x31A6, 0x0000, 0x1082, 0x39C7, 0x39C7, 0x4208, 
    0x4228, 0x4A49, 0x528A, 0x528A, 0x5AEB, 0x52AA, 0x5ACB, 0x52AA, 
    0x52AA, 0x4A49, 0x0000, 0x39C7, 0x5AEB, 0x5ACB, 0x630C, 0x630C, 
    0x632C, 0x52AA, 0x3186, 0x632C, 0x4208, 0x4228, 0x6B6D, 0x632C, 
    0x6B6D, 0x6B6D, 0x6B4D, 0x738E, 0x738E, 0x738E, 0x738E, 0x6B6D, 
    0x1082, 0x632C, 0x7BCF, 0x7BEF, 0x8430, 0x8430, 0x39C7, 0x7BEF, 
    0x8C71, 0x8C71, 0x94B2, 0x94B2, 0x9CF3, 0xA514, 0xA534, 0xAD75, 
    0xA534, 0xA514, 0xA534, 0x39E7, 0x8C51, 0xAD55, 0xAD55, 0xB596, 
    0xB5B6, 0xBDF7, 0xBDD7, 0xCE59, 0x7BEF, 0xBDD7, 0xD6BA, 0xDEFB, 
    0xEF5D, 0x8C71, 0xA534, 0x7BEF, 0x7BCF, 0xD69A, 0xFFFF, 0xFFDF, 
    0xFFFF, 0xFFFF, 0xFFFF, 0xFFDF, 0xFFFF, 0xFFFF, 0x94B2, 0xBDD7, 
    0xFFFF, 0xFFDF, 0xFFFF, 0xFFFF, 0xFFFF, 0xFFFF, 0xFFFF, 0xFFFF, 
    0xFFFF, 0xFFFF, 0xEF7D, 0x9492, 0x2104, 0x6B4D, 0xD6BA, 0x52AA, 
    0x0000, 0x0000, 0x0000, 0x0000, 0x0000, 0x0000, 0x0000, 0x0000, 
    0x0000, 0x0000, 0x0000, 0x0000, 0x0000, 0x0000, 0x0000, 0x0020, 
    0x3186, 0x31A6, 0x31A6, 0x3186, 0x39C7, 0x18C3, 0x10A2, 0x31A6, 
    0x2965, 0x3186, 0x2965, 0x0000, 0x18C3, 0x4208, 0x4208, 0x4228, 
    0x4228, 0x4A49, 0x528A, 0x52AA, 0x5ACB, 0x5AEB, 0x5AEB, 0x5AEB, 
    0x5AEB, 0x4A69, 0x0020, 0x4208, 0x5AEB, 0x630C, 0x632C, 0x632C, 
    0x632C, 0x5AEB, 0x31A6, 0x6B6D, 0x4A69, 0x39E7, 0x738E, 0x6B4D, 
    0x738E, 0x738E, 0x738E, 0x73AE, 0x7BCF, 0x7BCF, 0x73AE, 0x6B6D, 
    0x10A2, 0x6B6D, 0x8410, 0x8430, 0x8430, 0x8C51, 0x3186, 0x7BCF, 
    0x9492, 0x9492, 0x94B2, 0x9CD3, 0x9CF3, 0xA514, 0xAD55, 0xAD55, 
    0xAD55, 0xA534, 0x8C51, 0x39E7, 0xA534, 0xAD55, 0xAD55, 0xB596, 
    0xB5B6, 0xB5B6, 0xBDD7, 0xBDD7, 0x7BEF, 0xBDF7, 0xD69A, 0xB5B6, 
    0x6B4D, 0x73AE, 0x7BEF, 0xD6BA, 0xD69A, 0x6B6D, 0xDEFB, 0xFFFF, 
    0xFFDF, 0xFFFF, 0xFFFF, 0xFFFF, 0xFFFF, 0xAD55, 0xAD75, 0xFFFF, 
    0xFFFF, 0xFFFF, 0xFFFF, 0xFFFF, 0xFFFF, 0xFFFF, 0xFFFF, 0xFFFF, 
    0xFFFF, 0xFFFF, 0xFFFF, 0xFFFF, 0xB596, 0x2124, 0x52AA, 0xBDD7, 
    0x10A2, 0x0000, 0x0000, 0x0000, 0x0000, 0x0000, 0x0000, 0x0000, 
    0x0000, 0x0000, 0x0000, 0x0000, 0x0000, 0x0000, 0x0000, 0x0841, 
    0x3186, 0x39C7, 0x31A6, 0x31A6, 0x39C7, 0x18C3, 0x18C3, 0x39E7, 
    0x39C7, 0x39C7, 0x2945, 0x0000, 0x2124, 0x4228, 0x4A49, 0x528A, 
    0x528A, 0x528A, 0x52AA, 0x5ACB, 0x5AEB, 0x5AEB, 0x630C, 0x630C, 
    0x630C, 0x52AA, 0x0020, 0x4228, 0x632C, 0x6B4D, 0x6B4D, 0x6B6D, 
    0x6B6D, 0x6B4D, 0x2104, 0x2965, 0x2124, 0x4208, 0x7BCF, 0x73AE, 
    0x73AE, 0x73AE, 0x7BCF, 0x7BEF, 0x7BEF, 0x7BEF, 0x7BEF, 0x6B6D, 
    0x1082, 0x73AE, 0x8430, 0x8C51, 0x8C51, 0x8C71, 0x3186, 0x6B4D, 
    0x73AE, 0x7BEF, 0x9492, 0x9CF3, 0xA514, 0xA514, 0xA534, 0xAD55, 
    0xAD75, 0xB5B6, 0x6B6D, 0x5ACB, 0xAD75, 0xAD75, 0xAD75, 0xAD75, 
    0xB596, 0xB596, 0xB596, 0xB5B6, 0x8C71, 0xBDD7, 0xCE59, 0x8410, 
    0xB5B6, 0xE71C, 0x7BCF, 0x9CD3, 0xFFFF, 0xB5B6, 0x8C51, 0xFFFF, 
    0xFFDF, 0xFFDF, 0xFFDF, 0xFFFF, 0xC638, 0x9CD3, 0xFFFF, 0xFFFF, 
    0xFFFF, 0xFFFF, 0xFFFF, 0xFFFF, 0xFFFF, 0xFFFF, 0xFFFF, 0xFFFF, 
    0xFFFF, 0xFFFF, 0xFFFF, 0xFFFF, 0xFFFF, 0x7BEF, 0x0020, 0xA514, 
    0x7BCF, 0x0000, 0x2945, 0x0861, 0x0000, 0x0000, 0x0020, 0x0020, 
    0x0000, 0x0000, 0x0000, 0x0000, 0x0000, 0x0000, 0x0000, 0x1082, 
    0x2965, 0x3186, 0x31A6, 0x39C7, 0x4208, 0x18C3, 0x2945, 0x4A49, 
    0x4208, 0x4A49, 0x2965, 0x0000, 0x2945, 0x4A49, 0x4A69, 0x52AA, 
    0x5ACB, 0x6B6D, 0x7BEF, 0x630C, 0x630C, 0x632C, 0x632C, 0x6B4D, 
    0x632C, 0x5AEB, 0x0841, 0x4228, 0x738E, 0x738E, 0x738E, 0x73AE, 
    0x738E, 0x73AE, 0x632C, 0x5ACB, 0x632C, 0x7BCF, 0x7BCF, 0x7BCF, 
    0x7BCF, 0x8430, 0x8410, 0x8410, 0x8430, 0x8430, 0x8410, 0x7BEF, 
    0x10A2, 0x73AE, 0x8C71, 0x9492, 0x8C71, 0x9492, 0x4228, 0x4A49, 
    0x4A49, 0x5ACB, 0x8C71, 0x9CF3, 0xA514, 0xA534, 0xA534, 0xA534, 
    0xA514, 0xB5B6, 0x5AEB, 0x73AE, 0xB596, 0xB5B6, 0xAD75, 0xAD75, 
    0xAD75, 0xAD75, 0xAD75, 0xB5B6, 0x8410, 0xAD55, 0xC618, 0x8C51, 
    0x9CD3, 0xDEFB, 0xDEDB, 0x8430, 0xDEFB, 0xEF5D, 0x7BCF, 0xFFDF, 
    0xFFFF, 0xFFDF, 0xFFFF, 0xEF7D, 0x8430, 0xF79E, 0xFFFF, 0xFFFF, 
    0xFFFF, 0xFFFF, 0xFFFF, 0xFFFF, 0xFFFF, 0xFFFF, 0xFFFF, 0xFFFF, 
    0xFFFF, 0xFFFF, 0xFFFF, 0xFFFF, 0xFFFF, 0xD69A, 0x18E3, 0x73AE, 
    0xB5B6, 0x0841, 0x39C7, 0x4208, 0x0000, 0x0000, 0x0020, 0x0841, 
    0x0000, 0x0000, 0x0000, 0x0000, 0x0000, 0x0000, 0x0020, 0x10A2, 
    0x39C7, 0x31A6, 0x31A6, 0x31A6, 0x31A6, 0x10A2, 0x18E3, 0x3186, 
    0x3186, 0x4208, 0x31A6, 0x0000, 0x3186, 0x5ACB, 0x5ACB, 0x5AEB, 
    0x630C, 0x738E, 0x6B4D, 0x6B4D, 0x6B6D, 0x6B6D, 0x6B6D, 0x6B6D, 
    0x6B6D, 0x6B4D, 0x1082, 0x4208, 0x7BCF, 0x73AE, 0x7BEF, 0x7BEF, 
    0x7BEF, 0x7BEF, 0x7BEF, 0x8410, 0x8410, 0x8410, 0x8410, 0x8410, 
    0x73AE, 0x632C, 0x8C71, 0x8430, 0x8C51, 0x8430, 0x9492, 0xA514, 
    0x10A2, 0x6B4D, 0x9492, 0x9492, 0x9492, 0x9CD3, 0x4A69, 0x39C7, 
    0x4A49, 0x4228, 0x8410, 0x9CD3, 0xA514, 0xA534, 0xA534, 0xA514, 
    0xA514, 0xA534, 0x4228, 0x9492, 0xC638, 0xC638, 0xAD75, 0xAD55, 
    0xAD55, 0xAD75, 0xAD55, 0xB596, 0x9492, 0x8430, 0xBDF7, 0xB596, 
    0x6B6D, 0xC618, 0xD6BA, 0x8C51, 0xE71C, 0xC638, 0x8430, 0xFFFF, 
    0xFFDF, 0xFFDF, 0xFFFF, 0x9CF3, 0xC618, 0xFFFF, 0xFFDF, 0xFFFF, 
    0xFFFF, 0xFFFF, 0xFFFF, 0xFFFF, 0xFFFF, 0xFFFF, 0xFFFF, 0xFFFF, 
    0xFFFF, 0xFFFF, 0xFFFF, 0xFFFF, 0xFFFF, 0xD6BA, 0x2104, 0x7BEF, 
    0xBDD7, 0x39C7, 0x10A2, 0x6B6D, 0x0020, 0x0000, 0x0000, 0x0000, 
    0x0000, 0x0000, 0x0000, 0x0000, 0x0000, 0x0000, 0x0020, 0x10A2, 
    0x4208, 0x4208, 0x39E7, 0x39E7, 0x2104, 0x0000, 0x0000, 0x0000, 
    0x0000, 0x0841, 0x1082, 0x0000, 0x31A6, 0x630C, 0x630C, 0x6B4D, 
    0x6B4D, 0x632C, 0x6B4D, 0x738E, 0x738E, 0x73AE, 0x73AE, 0x73AE, 
    0x738E, 0x738E, 0x10A2, 0x31A6, 0x8410, 0x7BEF, 0x8410, 0x8410, 
    0x8430, 0x8430, 0x8430, 0x8430, 0x8430, 0x8430, 0x8410, 0x8C51, 
    0x4228, 0x18C3, 0x8C71, 0x8C51, 0x8C71, 0x8430, 0xA534, 0xB596, 
    0x10A2, 0x5ACB, 0x94B2, 0x9492, 0x9492, 0x9CD3, 0x630C, 0x2965, 
    0x39E7, 0x39C7, 0x738E, 0xA514, 0x9CF3, 0xA534, 0xA534, 0xA514, 
    0xA514, 0x9CF3, 0x39C7, 0x9CD3, 0xBDF7, 0xC618, 0xBDD7, 0xAD75, 
    0xAD55, 0xAD55, 0xAD55, 0xAD55, 0xA534, 0x738E, 0xA534, 0xBDF7, 
    0x8C51, 0x6B4D, 0x73AE, 0x8C51, 0xF79E, 0x8C51, 0xB5B6, 0xFFFF, 
    0xF7BE, 0xFFFF, 0xC638, 0x8C71, 0xFFFF, 0xFFDF, 0xFFDF, 0xFFFF, 
    0xFFFF, 0xFFFF, 0xFFFF, 0xFFFF, 0xFFFF, 0xFFFF, 0xFFFF, 0xFFFF, 
    0xFFFF, 0xFFFF, 0xFFFF, 0xFFFF, 0xFFFF, 0xB596, 0x18E3, 0x7BEF, 
    0xAD55, 0x73AE, 0x0020, 0x6B4D, 0x4228, 0x0000, 0x0000, 0x0000, 
    0x0000, 0x0000, 0x0000, 0x0000, 0x0000, 0x0000, 0x0000, 0x10A2
};
